id,name,em_peak_nm,ex_peak_nm,quantum_yield,brightness,em_fwhm_nm,ex_fwhm_nm,category,color,stokes_shift_nm
10b,10B,525,513,0.5,1000.0,40,35,Green,green,12
11,11,512,502,0.5,1000.0,40,35,Green,green,10
5b,5B,524,512,0.5,1000.0,40,35,Green,green,12
a44-kr,A44-KR,520,397,0.5,1000.0,40,35,Green,green,123
aausfp1,AausFP1,510,504,0.97,164.9,40,35,Green,green,6
aausfp4,AausFP4,513,477,0.5,1000.0,40,35,Green,green,36
aausgfp,AausGFP,503,398,0.73,21.17,40,35,Green,green,105
acegfp-g222e-y220l,aceGFP-G222E-Y220L,508,396,0.5,1000.0,40,35,Green,green,112
acegfp-h,aceGFP-h,505,390,0.5,1000.0,40,35,Green,green,115
acgfp1,AcGFP1,505,475,0.55,27.5,40,35,Green,green,30
achilles,Achilles,525,513,0.64,70.4,40,35,Green,green,12
adred-c148s,AdRed-C148S,599,560,0.5,1000.0,40,35,Orange,orange,39
afcfp,afCFP,499,406,0.79,23.7,40,35,Green,green,93
amcyan1,amCyan1,486,453,0.5,1000.0,40,35,Cyan,cyan,33
amfp495,amFP495,495,467,0.08,1000.0,40,35,Green,green,28
amfp506,amFP506,506,483,0.67,1000.0,40,35,Green,green,23
amfp515,amFP515,515,500,0.006,1000.0,40,35,Green,green,15
amilgfp,amilGFP,512,503,0.67,50.38,40,35,Green,green,9
aq143,AQ143,655,595,0.04,3.6,40,35,Far-Red,darkred,60
aq14,AQ14,663,595,0.5,1000.0,40,35,Far-Red,darkred,68
aquamarine,Aquamarine,474,430,0.89,23.14,40,35,Cyan,cyan,44
asred2,AsRed2,592,576,0.05,2.81,40,35,Orange,orange,16
avgfp454,avGFP454,454,410,0.5,1000.0,40,35,Blue,blue,44
avgfp480,avGFP480,480,456,0.5,1000.0,40,35,Cyan,cyan,24
avicfp1,AvicFP1,503,481,0.63,40.32,40,35,Green,green,22
avicfp2,AvicFP2,515,480,0.04,2.36,40,35,Green,green,35
avicfp3,AvicFP3,520,480,0.001,1000.0,40,35,Green,green,40
avicfp4,AvicFP4,512,500,0.1,12.1,40,35,Green,green,12
azaleab5,AzaleaB5,596,574,0.58,60.32,40,35,Orange,orange,22
azurite,Azurite,447,383,0.55,14.41,40,35,Blue,blue,64
bflogfpa1,bfloGFPa1,512,500,1.0,120.9,40,35,Green,green,12
bflogfpc1,bfloGFPc1,521,493,0.0015,1.0,40,35,Green,green,28
bfp5,BFP5,450,385,0.5,1000.0,40,35,Blue,blue,65
bfp,BFP,445,381,0.38,5.32,40,35,Blue,blue,64
blue102,Blue102,454,403,0.9,10.26,40,35,Blue,blue,51
bluebonnet2,Bluebonnet2,454,399,0.5,1000.0,40,35,Blue,blue,55
br1,BR1,495,450,0.45,5.62,40,35,Green,green,45
bruslee,BrUSLEE,509,487,0.3,25.8,40,35,Green,green,22
bsdronpa,bsDronpa,504,460,0.5,22.5,40,35,Green,green,44
cagfbfp,CagFbFP,497,447,0.36,5.51,40,35,Green,green,50
car-geco1,CAR-GECO1,629,576,0.17,1.0,40,35,Red,red,53
cegfp,cEGFP,507,489,0.5,1000.0,40,35,Green,green,18
cerulean,Cerulean,475,433,0.62,26.66,40,35,Cyan,cyan,42
cfp,CFP,480,456,0.5,1000.0,40,35,Cyan,cyan,24
cfsgfp2,cfSGFP2,517,493,0.75,33.75,40,35,Green,green,24
cgfmkate2,cgfmKate2,628,584,0.47,25.85,40,35,Red,red,44
cgfp,CGFP,506,463,0.14,3.35,40,35,Green,green,43
cgftagrfp,cgfTagRFP,584,555,0.42,36.12,40,35,Orange,orange,29
cgp,CGP,514,503,0.55,1000.0,40,35,Green,green,11
citrine2,Citrine2,522,509,0.7,68.6,40,35,Green,green,13
citrine,Citrine,529,516,0.76,58.52,40,35,Green,green,13
cjfp510,cjFP510,510,500,0.5,1000.0,40,35,Green,green,10
clomeleon,Clomeleon,535,485,0.5,1000.0,40,35,Yellow,gold,50
clover,Clover,515,505,0.76,84.36,40,35,Green,green,10
cp-mkate,cp-mKate,620,588,0.33,1000.0,40,35,Red,red,32
cpcitrine,cpCitrine,524,506,0.1,2.0,40,35,Green,green,18
creilov,CreiLOV,495,450,0.51,6.38,40,35,Green,green,45
crimson,Crimson,617,588,0.42,32.34,40,35,Red,red,29
crispred2s,CRISPRed2s,590,464,0.382,10.96,40,35,Orange,orange,126
cu17s,CU17S,505,496,0.5,1000.0,40,35,Green,green,9
cyofp1,CyOFP1,589,497,0.76,30.4,40,35,Orange,orange,92
cypet,CyPet,477,435,0.51,17.85,40,35,Cyan,cyan,42
cyrfp1,CyRFP1,588,529,0.76,36.48,40,35,Orange,orange,59
d-rfp618,d-RFP618,618,560,0.35,1000.0,40,35,Red,red,58
d10,D10,475,433,0.46,20.24,40,35,Cyan,cyan,42
d1eosfp,d1EosFP,516,505,0.68,50.86,40,35,Green,green,11
d2eosfp,d2EosFP,516,506,0.66,55.44,40,35,Green,green,10
darkvenus,DarkVenus,525,515,0.05,3.72,40,35,Green,green,10
dcyofp2s,dCyOFP2s,592,510,0.69,24.84,40,35,Orange,orange,82
dcyrfp2s,dCyRFP2s,592,516,0.58,24.36,40,35,Orange,orange,76
degfp1,deGFP1,516,504,0.16,4.59,40,35,Green,green,12
degfp2,deGFP2,517,496,0.34,7.38,40,35,Green,green,21
degfp3,deGFP3,518,508,0.19,5.07,40,35,Green,green,10
degfp4,deGFP4,518,509,0.15,4.04,40,35,Green,green,9
dendra2-m159a,Dendra2-M159A,504,471,0.55,28.11,40,35,Green,green,33
dendra2-t69a,Dendra2-T69A,518,502,0.56,23.8,40,35,Green,green,16
dendra2,Dendra2,507,490,0.5,22.5,40,35,Green,green,17
dendra,Dendra,505,488,0.7,14.7,40,35,Green,green,17
dfgfp,dfGFP,524,505,0.5,1000.0,40,35,Green,green,19
dimer1,dimer1,579,551,0.5,1000.0,40,35,Orange,orange,28
dimer2,dimer2,579,552,0.69,47.61,40,35,Orange,orange,27
dimvenus,DimVenus,525,508,0.03,1.66,40,35,Green,green,17
diogenes,Diogenes,603,579,0.44,39.6,40,35,Red,red,24
dlanyfp,dLanYFP,524,513,0.9,112.5,40,35,Green,green,11
dreiklang,Dreiklang,529,511,0.41,34.03,40,35,Green,green,18
dronpa-2,Dronpa-2,515,490,0.33,20.37,40,35,Green,green,25
dronpa-3,Dronpa-3,515,490,0.33,19.14,40,35,Green,green,25
dronpa,Dronpa,518,503,0.85,80.75,40,35,Green,green,15
dsred-express2,DsRed-Express2,591,554,0.42,14.95,40,35,Orange,orange,37
dsred-express,DsRed-Express,586,554,0.42,12.64,40,35,Orange,orange,32
dsred-max,DsRed-Max,589,560,0.41,19.68,40,35,Orange,orange,29
dsred-nf,DsRed-NF,600,561,0.001,1.0,40,35,Red,red,39
dsred2,DsRed2,587,561,0.55,28.6,40,35,Orange,orange,26
dtomato,dTomato,581,554,0.69,47.61,40,35,Orange,orange,27
dvfp,dVFP,503,491,1.0,107.0,40,35,Green,green,12
e2-crimson,E2-Crimson,646,611,0.23,28.98,40,35,Red,red,35
e2-orange,E2-Orange,561,540,0.54,19.71,40,35,Yellow,gold,21
eagfp,EaGFP,514,506,0.5,1000.0,40,35,Green,green,8
ebfp2,EBFP2,448,383,0.56,17.92,40,35,Blue,blue,65
ebfp,EBFP,440,380,0.2,6.3,40,35,Blue,blue,60
ecfp,ECFP,477,434,0.4,13.0,40,35,Cyan,cyan,43
ecgfp,ECGFP,506,463,0.14,3.35,40,35,Green,green,43
ecgp123,eCGP123,505,495,0.8,47.92,40,35,Green,green,10
egfp203c,eGFP203C,509,498,0.5,1000.0,40,35,Green,green,11
egfp205c,eGFP205C,509,489,0.5,1000.0,40,35,Green,green,20
electra1,Electra1,454,402,0.74,51.62,40,35,Blue,blue,52
electra2,Electra2,454,403,0.76,61.48,40,35,Blue,blue,51
emerald,Emerald,509,487,0.68,39.1,40,35,Green,green,22
emirfp670,emiRFP670,670,642,0.14,12.24,40,35,Far-Red,darkred,28
emirfp703,emiRFP703,703,674,0.086,7.82,40,35,Far-Red,darkred,29
eqfp650,eqFP650,650,592,0.24,15.6,40,35,Far-Red,darkred,58
eqfp670,eqFP670,670,605,0.06,4.2,40,35,Far-Red,darkred,65
eyfp-q69k,EYFP-Q69K,526,514,0.76,54.72,40,35,Green,green,12
eyfp,EYFP,527,513,0.67,44.89,40,35,Green,green,14
eygfpuv,eYGFPuv,512,398,0.76,23.71,40,35,Green,green,114
eygfp,eYGFP,516,507,0.58,71.92,40,35,Green,green,9
eygpdp,eYGPdp,513,501,0.69,34.36,40,35,Green,green,12
ffdronpa,ffDronpa,517,503,0.75,78.75,40,35,Green,green,14
fold6,FOLD6,515,505,0.73,86.29,40,35,Green,green,10
fr-1,FR-1,594,569,0.34,28.87,40,35,Orange,orange,25
frfast,frFAST,670,555,0.21,9.45,40,35,Far-Red,darkred,115
frskylan-s,frSkylan-S,513,499,0.8,76.32,40,35,Green,green,14
fusionred-mqv,FusionRed-MQV,585,566,0.53,76.32,40,35,Orange,orange,19
fusionred-m,FusionRed-M,594,571,0.34,24.17,40,35,Orange,orange,23
fusionred,FusionRed,608,580,0.19,17.95,40,35,Red,red,28
fwyellow,fwYellow,540,520,0.5,1000.0,40,35,Yellow,gold,20
g1,G1,503,487,0.6,15.6,40,35,Green,green,16
g2,G2,503,487,0.65,25.35,40,35,Green,green,16
g3gfp,G3GFP,650,520,0.5,1000.0,40,35,Far-Red,darkred,130
g3,G3,515,498,0.7,34.3,40,35,Green,green,17
gamillus,Gamillus,519,504,0.9,74.7,40,35,Green,green,15
gcamp2,GCaMP2,508,487,0.5,1000.0,40,35,Green,green,21
gdt,GdT,500,476,0.14,8.26,40,35,Green,green,24
gfp-151pytyrcu,GFP-151pyTyrCu,510,375,0.5,1000.0,40,35,Green,green,135
gfp-tyr151pyz,GFP-Tyr151pyz,508,397,0.5,1000.0,40,35,Green,green,111
gfpmut2,GFPmut2,508,485,0.73,39.35,40,35,Green,green,23
gfpmut3,GFPmut3,513,506,0.39,22.69,40,35,Green,green,7
gfpxm16,GFPxm16,504,485,0.74,1000.0,40,35,Green,green,19
gfpxm181uv,GFPxm181uv,514,398,0.5,1000.0,40,35,Green,green,116
gfpxm18uv,GFPxm18uv,513,400,0.5,1000.0,40,35,Green,green,113
gfpxm18,GFPxm18,502,472,0.96,1000.0,40,35,Green,green,30
gfpxm19,GFPxm19,502,475,0.7,1000.0,40,35,Green,green,27
ggvt,GGvT,500,476,0.14,12.74,40,35,Green,green,24
grvt,GRvT,583,557,0.97,68.87,40,35,Orange,orange,26
h2-3,h2-3,516,506,0.89,115.7,40,35,Green,green,10
h9,H9,511,399,0.6,12.0,40,35,Green,green,112
hcred-tandem,HcRed-Tandem,637,590,0.04,6.4,40,35,Red,red,47
hcred1-blue,HcRed1-Blue,455,408,0.5,1000.0,40,35,Blue,blue,47
hcred7,HcRed7,645,592,0.08,6.0,40,35,Red,red,53
hcred,HcRed,645,592,0.015,1.0,40,35,Red,red,53
ilov,iLov,497,447,0.44,1000.0,40,35,Green,green,50
iq-memerald,iq-mEmerald,509,482,0.67,33.77,40,35,Green,green,27
irfp670,iRFP670,670,643,0.11,12.54,40,35,Far-Red,darkred,27
irfp682,iRFP682,682,663,0.11,9.9,40,35,Far-Red,darkred,19
irfp702,iRFP702,702,673,0.08,7.44,40,35,Far-Red,darkred,29
irfp713,iRFP713,713,690,0.06,6.3,40,35,Far-Red,darkred,23
irfp720,iRFP720,720,702,0.06,5.76,40,35,Far-Red,darkred,18
irisfp-m159a,IrisFP-M159A,513,484,0.18,11.3,40,35,Green,green,29
irisfp,IrisFP,516,488,0.43,22.45,40,35,Green,green,28
jred,Jred,610,584,0.2,8.8,40,35,Red,red,26
kaede,Kaede,518,508,0.88,86.94,40,35,Green,green,10
katushka-9-5,Katushka-9-5,635,588,0.5,1000.0,40,35,Red,red,47
katushka2s,Katushka2S,633,588,0.44,29.48,40,35,Red,red,45
katushka,Katushka,635,588,0.34,22.1,40,35,Red,red,47
kcy-g4219-38l,KCY-G4219-38L,494,464,0.5,1000.0,40,35,Cyan,cyan,30
kcy-g4219,KCY-G4219,486,453,0.8,16.88,40,35,Cyan,cyan,33
kcy-r1-158a,KCY-R1-158A,489,459,0.5,1000.0,40,35,Cyan,cyan,30
kcy-r1-38h,KCY-R1-38H,489,459,0.5,1000.0,40,35,Cyan,cyan,30
kcy-r1-38l,KCY-R1-38L,496,467,0.5,1000.0,40,35,Green,green,29
kcy-r1,KCY-R1,492,461,0.75,15.9,40,35,Cyan,cyan,31
kcy,KCY,488,455,0.85,32.9,40,35,Cyan,cyan,33
kfp1,KFP1,600,580,0.07,4.13,40,35,Red,red,20
kikgr1,KikGR1,517,507,0.7,37.59,40,35,Green,green,10
kikg,KikG,517,507,0.68,55.08,40,35,Green,green,10
killerorange,KillerOrange,555,455,0.42,17.3,40,35,Yellow,gold,100
kofp-7,KOFP-7,496,450,0.61,1000.0,40,35,Green,green,46
lagfp,laGFP,511,502,0.5,1000.0,40,35,Green,green,9
lanfp1,LanFP1,510,500,0.57,30.21,40,35,Green,green,10
lanfp2,LanFP2,516,500,0.0013,1.0,40,35,Green,green,16
larfp,laRFP,592,521,0.1,7.1,40,35,Orange,orange,71
lime,Lime,510,488,0.77,34.65,40,35,Green,green,22
lss-mkate1,LSS-mKate1,624,463,0.08,2.5,40,35,Red,red,161
lss-mkate2,LSS-mKate2,605,460,0.17,4.42,40,35,Red,red,145
lssa12,LSSA12,511,398,0.38,14.71,40,35,Green,green,113
lssmapple,LSSmApple,600,490,0.31,13.95,40,35,Red,red,110
lssmcherry1,LSSmCherry1,610,450,0.29,10.15,40,35,Red,red,160
lssmgfp,LSSmGFP,510,400,0.48,17.71,40,35,Green,green,110
lssmorange,LSSmOrange,572,437,0.45,23.4,40,35,Orange,orange,135
lssmscarlet2,LSSmScarlet2,600,470,0.29,8.7,40,35,Red,red,130
lssmscarlet3,LSSmScarlet3,598,466,0.36,9.83,40,35,Orange,orange,132
lssmscarlet,LSSmScarlet,598,470,0.42,12.68,40,35,Orange,orange,128
lucy,LucY,528,460,0.356,4.15,40,35,Green,green,68
m355na,M355NA,595,572,0.21,46.2,40,35,Orange,orange,23
mametrine,mAmetrine,526,406,0.58,26.1,40,35,Green,green,120
mapple,mApple,592,568,0.49,36.75,40,35,Orange,orange,24
mars1,mARs1,598,571,0.26,7.05,40,35,Orange,orange,27
mavicfp1,mAvicFP1,503,480,0.63,40.95,40,35,Green,green,23
mbanana,mBanana,553,540,0.7,4.2,40,35,Yellow,gold,13
mbaojin-t55s,mBaoJin-T55S,508,497,0.86,109.22,40,35,Green,green,11
mbaojin,mBaoJin,508,500,0.93,119.04,40,35,Green,green,8
mberfp,mBeRFP,611,446,0.27,17.55,40,35,Red,red,165
mblueberry1,mBlueberry1,452,398,0.48,5.28,40,35,Blue,blue,54
mblueberry2,mBlueberry2,467,402,0.48,24.48,40,35,Cyan,cyan,65
mcardinal,mCardinal,659,604,0.19,16.53,40,35,Far-Red,darkred,55
mcarmine,mCarmine,675,603,0.07,5.81,40,35,Far-Red,darkred,72
mcerulean2,mCerulean2,474,432,0.6,28.2,40,35,Cyan,cyan,42
mcerulean3,mCerulean3,475,433,0.87,34.8,40,35,Cyan,cyan,42
mcerulean,mCerulean,475,433,0.49,16.17,40,35,Cyan,cyan,42
mchartreuse,mChartreuse,510,487,0.75,53.25,40,35,Green,green,23
mcherry-xl,mCherry-XL,589,558,0.7,50.4,40,35,Orange,orange,31
mcherry2,mCherry2,610,589,0.22,17.47,40,35,Red,red,21
mcitrine,mCitrine,529,516,0.74,69.56,40,35,Green,green,13
mclavgr2,mClavGR2,504,488,0.77,14.63,40,35,Green,green,16
mclover3,mClover3,518,506,0.78,85.02,40,35,Green,green,12
mcrispred,mCRISPRed,592,460,0.46,13.11,40,35,Orange,orange,132
mcyrfp1,mCyRFP1,594,528,0.65,17.55,40,35,Orange,orange,66
mecfp,mECFP,475,433,0.41,13.53,40,35,Cyan,cyan,42
megfp,mEGFP,507,488,0.6,33.6,40,35,Green,green,19
memerald,mEmerald,509,487,0.68,39.1,40,35,Green,green,22
meos2-a69t,mEos2-A69T,509,495,0.63,15.31,40,35,Green,green,14
meos2,mEos2,519,506,0.84,47.04,40,35,Green,green,13
meos4a,mEos4a,515,505,0.86,71.84,40,35,Green,green,10
meos4b-l93m,mEos4b-L93M,515,504,0.68,52.44,40,35,Green,green,11
meos4b,mEos4b,516,505,0.84,65.66,40,35,Green,green,11
meos4fast1,mEos4Fast1,517,505,0.78,72.67,40,35,Green,green,12
meos4fast2,mEos4Fast2,513,499,0.82,63.98,40,35,Green,green,14
meosem,mEosEM,511,503,0.79,122.96,40,35,Green,green,8
meosfp-f173s,mEosFP-F173S,514,486,0.43,22.88,40,35,Green,green,28
meosfp-m159a,mEosFP-M159A,514,487,0.52,51.27,40,35,Green,green,27
meosfp,mEosFP,516,505,0.64,43.01,40,35,Green,green,11
meyfp,mEYFP,528,515,0.62,48.98,40,35,Green,green,13
mgarnet2,mGarnet2,671,598,0.087,9.13,40,35,Far-Red,darkred,73
mgarnet,mGarnet,670,598,0.09,8.55,40,35,Far-Red,darkred,72
mgeos-c,mGeos-C,516,505,0.81,62.34,40,35,Green,green,11
mgeos-e,mGeos-E,513,501,0.75,52.22,40,35,Green,green,12
mgeos-f,mGeos-F,515,504,0.85,45.16,40,35,Green,green,11
mgeos-l,mGeos-L,513,501,0.72,38.48,40,35,Green,green,12
mgeos-m,mGeos-M,514,503,0.85,43.86,40,35,Green,green,11
mgeos-s,mGeos-S,512,501,0.76,49.1,40,35,Green,green,11
mgfpmut3,mGFPmut3,513,500,0.39,34.87,40,35,Green,green,13
mginger1,mGinger1,637,587,0.02,1.16,40,35,Red,red,50
mginger2,mGinger2,631,578,0.04,1.44,40,35,Red,red,53
mgold2s,mGold2s,529,517,0.69,90.39,40,35,Green,green,12
mgold2t,mGold2t,527,515,0.7,88.2,40,35,Green,green,12
mgold,mGold,531,515,0.64,68.48,40,35,Yellow,gold,16
mgrape1,mGrape1,625,595,0.03,1.5,40,35,Red,red,30
mgrape2,mGrape2,636,605,0.03,1.0,40,35,Red,red,31
mgrape3,mGrape3,646,608,0.03,1.2,40,35,Red,red,38
mgreenlantern,mGreenLantern,514,503,0.72,73.3,40,35,Green,green,11
mhoneydew,mHoneydew,562,487,0.12,2.04,40,35,Yellow,gold,75
mifp,mIFP,704,683,0.08,6.56,40,35,Far-Red,darkred,21
minigfp1,miniGFP1,499,450,0.31,5.21,40,35,Green,green,49
minigfp2,miniGFP2,499,450,0.32,5.18,40,35,Green,green,49
minisog2,miniSOG2,507,429,0.5,1000.0,40,35,Green,green,78
minisog,miniSOG,501,447,0.43,6.06,40,35,Green,green,54
mirfp2,miRFP2,706,676,0.043,2.39,40,35,Far-Red,darkred,30
mirfp670-2,miRFP670-2,670,643,0.136,14.01,40,35,Far-Red,darkred,27
mirfp670nano3,miRFP670nano3,670,645,0.185,23.86,40,35,Far-Red,darkred,25
mirfp670nano,miRFP670nano,670,645,0.108,10.26,40,35,Far-Red,darkred,25
mirfp670v1,miRFP670v1,670,644,0.116,8.27,40,35,Far-Red,darkred,26
mirfp670,miRFP670,670,642,0.14,12.24,40,35,Far-Red,darkred,28
mirfp680,miRFP680,680,661,0.145,13.63,40,35,Far-Red,darkred,19
mirfp682,miRFP682,682,663,0.112,10.19,40,35,Far-Red,darkred,19
mirfp702,miRFP702,702,673,0.081,7.13,40,35,Far-Red,darkred,29
mirfp703,miRFP703,703,674,0.086,7.82,40,35,Far-Red,darkred,29
mirfp709,miRFP709,709,683,0.054,4.23,40,35,Far-Red,darkred,26
mirfp713,miRFP713,713,690,0.07,6.93,40,35,Far-Red,darkred,23
mirfp720,miRFP720,720,702,0.061,5.98,40,35,Far-Red,darkred,18
mirfp,miRFP,703,674,0.097,8.96,40,35,Far-Red,darkred,29
mirisfp,mIrisFP,516,486,0.54,25.38,40,35,Green,green,30
mjuniper,mJuniper,475,434,0.43,13.76,40,35,Cyan,cyan,41
mk-go,mK-GO,561,548,0.5,1000.0,40,35,Yellow,gold,13
mkalama1,mKalama1,456,385,0.45,16.2,40,35,Blue,blue,71
mkate2,mKate2,633,588,0.4,25.0,40,35,Red,red,45
mkate,mKate,635,588,0.33,14.85,40,35,Red,red,47
mkelly1,mKelly1,656,596,0.16,7.04,40,35,Far-Red,darkred,60
mkelly2,mKelly2,649,598,0.18,7.74,40,35,Red,red,51
mkikgr,mKikGR,515,505,0.69,33.81,40,35,Green,green,10
mkillerorange,mKillerOrange,560,458,0.5,17.5,40,35,Yellow,gold,102
mko2,mKO2,565,551,0.62,39.56,40,35,Orange,orange,14
mlemon,mLemon,526,514,0.74,92.5,40,35,Green,green,12
mlumin,mLumin,621,587,0.46,32.2,40,35,Red,red,34
mlychee,mLychee,596,568,0.5,40.0,40,35,Orange,orange,28
mmaple2,mMaple2,506,492,0.5,1000.0,40,35,Green,green,14
mmaple3,mMaple3,506,491,0.37,5.83,40,35,Green,green,15
mmaple,mMaple,505,489,0.74,11.1,40,35,Green,green,16
mmaroon1,mMaroon1,657,609,0.11,8.8,40,35,Far-Red,darkred,48
mmicy,mMiCy,496,470,0.7,15.5,40,35,Green,green,26
mnectarine,mNectarine,578,558,0.45,26.1,40,35,Orange,orange,20
mneongreen,mNeonGreen,517,506,0.8,92.8,40,35,Green,green,11
mneptune2,mNeptune2,651,599,0.24,21.36,40,35,Far-Red,darkred,52
mneptune681,mNeptune681,681,604,0.04,1.52,40,35,Far-Red,darkred,77
mneptune684,mNeptune684,684,604,0.03,1.17,40,35,Far-Red,darkred,80
mneptune,mNeptune,650,600,0.2,13.4,40,35,Far-Red,darkred,50
morange2,mOrange2,565,549,0.6,34.8,40,35,Orange,orange,16
morange,mOrange,562,548,0.69,48.99,40,35,Yellow,gold,14
moxbfp,moxBFP,448,385,0.56,17.36,40,35,Blue,blue,63
moxcerulean3,moxCerulean3,474,434,0.87,35.67,40,35,Cyan,cyan,40
moxdendra2,moxDendra2,504,490,0.5,25.15,40,35,Green,green,14
moxgfp,moxGFP,510,486,0.58,50.46,40,35,Green,green,24
moxmaple3,moxMaple3,506,490,0.37,5.48,40,35,Green,green,16
moxneongreen,moxNeonGreen,520,505,0.74,82.14,40,35,Green,green,15
moxvenus,moxVenus,526,514,0.49,43.61,40,35,Green,green,12
mpapaya,mPapaya,541,530,0.83,35.69,40,35,Yellow,gold,11
mplum-e16p,mPlum-E16P,630,590,0.14,1000.0,40,35,Red,red,40
mred7q1s1bm,mRed7Q1S1BM,596,569,0.5,1000.0,40,35,Orange,orange,27
mred7q1s1,mRed7Q1S1,595,569,0.5,1000.0,40,35,Orange,orange,26
mred7q1,mRed7Q1,591,560,0.5,1000.0,40,35,Orange,orange,31
mred7,mRed7,606,589,0.5,1000.0,40,35,Red,red,17
mrfp1-q66c,mRFP1-Q66C,580,559,0.33,10.49,40,35,Orange,orange,21
mrfp1-q66s,mRFP1-Q66S,569,555,0.35,11.52,40,35,Orange,orange,14
mrfp1-q66t,mRFP1-Q66T,570,549,0.43,16.38,40,35,Orange,orange,21
mrfp1,mRFP1,607,584,0.25,12.5,40,35,Red,red,23
mrhubarb713,mRhubarb713,713,690,0.0763,8.66,40,35,Far-Red,darkred,23
mrhubarb719,mRhubarb719,719,700,0.068,5.7,40,35,Far-Red,darkred,19
mrhubarb720,mRhubarb720,720,701,0.0646,6.13,40,35,Far-Red,darkred,19
mrojoa,mRojoA,633,597,0.02,1.0,40,35,Red,red,36
mrojob,mRojoB,631,598,0.06,3.66,40,35,Red,red,33
mrouge,mRouge,637,600,0.02,1.0,40,35,Red,red,37
mrtms5,mRtms5,633,588,0.005,1.0,40,35,Red,red,45
mruby2,mRuby2,600,559,0.38,42.94,40,35,Red,red,41
mruby3,mRuby3,592,558,0.45,57.6,40,35,Orange,orange,34
mrubyft,mRubyFT,457,408,0.63,16.38,40,35,Blue,blue,49
mruby,mRuby,605,558,0.35,39.2,40,35,Red,red,47
msandy2,mSandy2,606,581,0.35,27.65,40,35,Red,red,25
mscarlet-220a,mScarlet-220A,594,568,0.668,63.46,40,35,Orange,orange,26
mscarlet-2a-84w,mScarlet-2A-84W,592,568,0.7,67.9,40,35,Orange,orange,24
mscarlet-2a,mScarlet-2A,592,568,0.685,66.44,40,35,Orange,orange,24
mscarlet-h,mScarlet-H,592,551,0.2,14.8,40,35,Orange,orange,41
mscarlet-i-220a,mScarlet-I-220A,594,568,0.543,54.3,40,35,Orange,orange,26
mscarlet-i3-ncwt,mScarlet-I3-NCwt,592,567,0.653,66.61,40,35,Orange,orange,25
mscarlet-i3,mScarlet-I3,592,568,0.65,68.25,40,35,Orange,orange,24
mscarlet-i,mScarlet-I,593,569,0.54,56.16,40,35,Orange,orange,24
mscarlet3-h,mScarlet3-H,592,551,0.18,18.48,40,35,Orange,orange,41
mscarlet3-s2,mScarlet3-S2,587,550,0.18,14.94,40,35,Orange,orange,37
mscarlet3,mScarlet3,592,569,0.75,78.0,40,35,Orange,orange,23
mscarlet,mScarlet,594,569,0.7,70.0,40,35,Orange,orange,25
msgfp2,msGFP2,509,489,0.59,30.8,40,35,Green,green,20
mstable,mStable,633,597,0.17,7.65,40,35,Red,red,36
mstaygold2,mStayGold2,509,499,0.79,138.25,40,35,Green,green,10
mstaygold,mStayGold,510,499,0.83,136.12,40,35,Green,green,11
mstrawberry,mStrawberry,596,574,0.29,26.1,40,35,Orange,orange,22
mt-sapphire,mT-Sapphire,511,399,0.6,26.4,40,35,Green,green,112
mtagbfp2,mTagBFP2,454,399,0.64,32.38,40,35,Blue,blue,55
mtangerine,mTangerine,585,568,0.3,11.4,40,35,Orange,orange,17
mtfp1-y67w,mTFP1-Y67W,461,424,0.02,1.0,40,35,Cyan,cyan,37
mtfp1,mTFP1,492,462,0.85,54.4,40,35,Cyan,cyan,30
mturquoise2-1710,mTurquoise2-1710,519,482,0.51,15.3,40,35,Green,green,37
mturquoise2,mTurquoise2,474,434,0.93,27.9,40,35,Cyan,cyan,40
mturquoise,mTurquoise,474,434,0.84,25.2,40,35,Cyan,cyan,40
mugfp,muGFP,508,490,0.45,52.65,40,35,Green,green,18
mukg,mUkG,499,483,0.72,43.2,40,35,Green,green,16
mvenus-q69m,mVenus-Q69M,528,515,0.5,96.97,40,35,Green,green,13
mvenus,mVenus,527,515,0.64,66.56,40,35,Green,green,12
mvfp1,mVFP1,503,491,0.84,67.54,40,35,Green,green,12
mvfp,mVFP,503,491,0.86,73.1,40,35,Green,green,12
mwasabi,mWasabi,509,493,0.8,56.0,40,35,Green,green,16
mwatermelon,mWatermelon,515,504,0.47,41.36,40,35,Green,green,11
neptune,Neptune,650,600,0.18,12.96,40,35,Far-Red,darkred,50
nijifp,NijiFP,507,469,0.64,26.3,40,35,Green,green,38
nowgfp,NowGFP,502,494,0.76,43.09,40,35,Green,green,8
oxbfp,oxBFP,448,385,0.56,17.36,40,35,Blue,blue,63
oxgfp,oxGFP,510,486,0.58,50.46,40,35,Green,green,24
oxstaygold,oxStayGold,506,497,0.93,157.17,40,35,Green,green,9
oxvenus,oxVenus,526,514,0.49,43.61,40,35,Green,green,12
p11,P11,502,471,0.5,1000.0,40,35,Green,green,31
p4-1,P4-1,514,504,0.54,7.83,40,35,Green,green,10
p4-3e,P4-3E,448,384,0.27,5.94,40,35,Blue,blue,64
p4,P4,448,382,0.24,1.0,40,35,Blue,blue,66
p9,P9,502,471,0.5,1000.0,40,35,Green,green,31
pa-gfp,PA-GFP,517,504,0.79,13.75,40,35,Green,green,13
padron2,Padron2,516,492,0.49,16.02,40,35,Green,green,24
padron,Padron,522,503,0.64,27.52,40,35,Green,green,19
pamcherry1,PAmCherry1,595,564,0.46,8.28,40,35,Orange,orange,31
pamcherry2,PAmCherry2,596,570,0.53,12.72,40,35,Orange,orange,26
pamcherry3,PAmCherry3,596,570,0.24,5.04,40,35,Orange,orange,26
pamkate,PAmKate,628,586,0.18,4.5,40,35,Red,red,42
patagrfp1297,PATagRFP1297,595,563,0.42,26.46,40,35,Orange,orange,32
patagrfp1314,PATagRFP1314,596,562,0.46,28.06,40,35,Orange,orange,34
patagrfp,PATagRFP,595,562,0.38,25.08,40,35,Orange,orange,33
pcdronpa2,pcDronpa2,515,504,0.83,83.0,40,35,Green,green,11
pcdronpa,pcDronpa,517,505,0.85,97.75,40,35,Green,green,12
pcstar,pcStar,515,505,0.89,66.19,40,35,Green,green,10
ph-tdgfp,pH-tdGFP,515,488,0.5,1000.0,40,35,Green,green,27
phanta,Phanta,516,506,0.003,1.0,40,35,Green,green,10
philov3,phiLOV3,502,452,0.22,3.48,40,35,Green,green,50
phiyfpv,phiYFPv,537,524,0.59,59.77,40,35,Yellow,gold,13
phiyfp,phiYFP,537,525,0.6,69.0,40,35,Yellow,gold,12
phluorin2,pHluorin2,509,475,0.5,1000.0,40,35,Green,green,34
phluorin4,pHluorin4,520,488,0.85,13.52,40,35,Green,green,32
phmscarlet,pHmScarlet,585,562,0.47,39.95,40,35,Orange,orange,23
phuji,pHuji,598,566,0.22,6.82,40,35,Orange,orange,32
plobrfp,plobRFP,614,578,0.74,62.16,40,35,Red,red,36
pross-egfp,PROSS-eGFP,509,488,0.57,1000.0,40,35,Green,green,21
ps-cfp2,PS-CFP2,468,400,0.2,8.6,40,35,Cyan,cyan,68
ps-cfp,PS-CFP,468,402,0.16,5.44,40,35,Cyan,cyan,66
pslssmkate,PSLSSmKate,622,445,0.21,5.57,40,35,Red,red,177
psmorange2,PSmOrange2,561,546,0.61,31.11,40,35,Yellow,gold,15
psmorange,PSmOrange,565,548,0.51,57.78,40,35,Orange,orange,17
qc2-6,QC2-6,504,496,0.5,1000.0,40,35,Green,green,8
rcamp,RCaMP,602,575,0.14,1000.0,40,35,Red,red,27
rdsmcherry1,RDSmCherry1,630,600,0.09,4.99,40,35,Red,red,30
reach1,REACh1,530,495,0.5,1000.0,40,35,Yellow,gold,35
reach2,REACh2,538,510,0.5,1000.0,40,35,Yellow,gold,28
rfp611,RFP611,611,559,0.48,57.6,40,35,Red,red,52
rfp618,RFP618,618,560,0.35,1000.0,40,35,Red,red,58
rfp630,RFP630,630,583,0.35,17.5,40,35,Red,red,47
rfp637,RFP637,637,587,0.23,16.56,40,35,Red,red,50
rfp639,RFP639,639,588,0.18,12.42,40,35,Red,red,51
rogfp1-r1,roGFP1-R1,508,400,0.5,1000.0,40,35,Green,green,108
rogfp1-r8,roGFP1-R8,511,400,0.5,1000.0,40,35,Green,green,111
rogfp1,roGFP1,508,475,0.5,1000.0,40,35,Green,green,33
rogfp2,roGFP2,511,490,0.5,1000.0,40,35,Green,green,21
rosmarinus,Rosmarinus,482,437,0.85,38.25,40,35,Cyan,cyan,45
rrvt,RRvT,583,556,0.88,117.92,40,35,Orange,orange,27
rscherryrev,rsCherryRev,608,572,0.005,1.0,40,35,Red,red,36
rscherry,rsCherry,610,572,0.02,1.6,40,35,Red,red,38
rsegfp,rsEGFP,510,493,0.36,16.92,40,35,Green,green,17
rsfastlime,rsFastLime,518,496,0.77,30.1,40,35,Green,green,22
rsfolder2,rsFolder2,503,478,0.23,10.12,40,35,Green,green,25
rsfolder,rsFolder,503,477,0.25,12.9,40,35,Green,green,26
rsfusionred1,rsFusionRed1,605,577,0.1,8.24,40,35,Red,red,28
rsfusionred2,rsFusionRed2,607,580,0.12,4.26,40,35,Red,red,27
rsfusionred3,rsFusionRed3,607,580,0.08,3.04,40,35,Red,red,27
rsgreen1,rsGreen1,509,486,0.42,25.62,40,35,Green,green,23
rskame,rsKame,517,503,0.86,61.92,40,35,Green,green,14
rstagrfp,rsTagRFP,585,567,0.11,4.05,40,35,Orange,orange,18
saasoti,SAASoti,519,510,0.5,1000.0,40,35,Green,green,9
sapphire,Sapphire,511,399,0.64,18.56,40,35,Green,green,112
sbfp1,SBFP1,446,380,0.4,1.0,40,35,Blue,blue,66
sbfp2,SBFP2,446,380,0.47,15.98,40,35,Blue,blue,66
scfp1,SCFP1,477,434,0.24,6.96,40,35,Cyan,cyan,43
scfp2,SCFP2,474,434,0.41,11.89,40,35,Cyan,cyan,40
scfp3a,SCFP3A,474,433,0.56,16.8,40,35,Cyan,cyan,41
scfp3b,SCFP3B,474,433,0.5,15.0,40,35,Cyan,cyan,41
secbfp2,secBFP2,456,399,0.5,1000.0,40,35,Blue,blue,57
seyfp,SEYFP,528,515,0.56,56.56,40,35,Green,green,13
sforange,sfOrange,560,546,0.5,1000.0,40,35,Yellow,gold,14
sg11,sg11,506,385,0.84,10.67,40,35,Green,green,121
sg12,sg12,508,396,0.85,15.55,40,35,Green,green,112
sg25,sg25,506,474,0.76,19.91,40,35,Green,green,32
sg42,sg42,450,384,0.24,3.74,40,35,Blue,blue,66
sg50,sg50,450,384,0.25,4.12,40,35,Blue,blue,66
sgfp1,SGFP1,512,495,0.62,26.04,40,35,Green,green,17
sgfp2,SGFP2,512,495,0.7,32.2,40,35,Green,green,17
sh3,SH3,495,450,0.4,1000.0,40,35,Green,green,45
shadowg,ShadowG,510,486,0.005,1.0,40,35,Green,green,24
shadowy,ShadowY,531,519,0.01,1.36,40,35,Yellow,gold,12
shardonnay,SHardonnay,530,511,0.75,66.75,40,35,Yellow,gold,19
shbfp,shBFP,458,401,0.79,12.17,40,35,Blue,blue,57
shyrfp,ShyRFP,596,450,0.5,1000.0,40,35,Orange,orange,146
siriusgfp,SiriusGFP,516,504,0.214,12.11,40,35,Green,green,12
sirius,Sirius,424,355,0.24,3.6,40,35,Blue,blue,69
skylan-ns,Skylan-NS,511,499,0.59,78.92,40,35,Green,green,12
skylan-s,Skylan-S,511,499,0.64,97.54,40,35,Green,green,12
smurfp,smURFP,670,642,0.18,32.4,40,35,Far-Red,darkred,28
snifp,SNIFP,720,697,0.022,3.28,40,35,Far-Red,darkred,23
sopp2,SOPP2,491,439,0.41,6.07,40,35,Cyan,cyan,52
sopp3,SOPP3,490,439,0.41,6.15,40,35,Cyan,cyan,51
sopp,SOPP,487,440,0.39,5.66,40,35,Cyan,cyan,47
spoon,SPOON,527,510,0.5,27.0,40,35,Green,green,17
sreach1,sREACh1,530,518,0.03,3.42,40,35,Yellow,gold,12
sreach2,sREACh2,531,519,0.02,2.6,40,35,Yellow,gold,12
staygold-e138d,StayGold-E138D,504,497,0.87,126.15,40,35,Green,green,7
staygold,StayGold,505,496,0.93,147.87,40,35,Green,green,9
stayrose,StayRose,588,530,0.5,1000.0,40,35,Orange,orange,58
sumire,Sumire,414,343,0.7,14.0,40,35,UV,violet,71
super-tagrfp,super-TagRFP,579,555,0.53,59.89,40,35,Orange,orange,24
supernova2,SuperNova2,610,579,0.5,1000.0,40,35,Red,red,31
syfp2,SYFP2,527,515,0.68,68.68,40,35,Green,green,12
t-sapphire,T-Sapphire,511,399,0.6,26.4,40,35,Green,green,112
tagbfp,TagBFP,457,402,0.63,32.76,40,35,Blue,blue,55
tagcfp,TagCFP,480,458,0.57,21.09,40,35,Cyan,cyan,22
taggfp2,TagGFP2,506,483,0.6,33.9,40,35,Green,green,23
taggfp,TagGFP,505,482,0.6,33.0,40,35,Green,green,23
tagrfp-t,TagRFP-T,584,555,0.41,33.21,40,35,Orange,orange,29
tagrfp657,TagRFP657,657,611,0.1,3.4,40,35,Far-Red,darkred,46
tagrfp658,TagRFP658,658,611,0.1,4.12,40,35,Far-Red,darkred,47
tagrfp675,TagRFP675,675,598,0.08,3.68,40,35,Far-Red,darkred,77
tagrfp,TagRFP,584,555,0.48,48.0,40,35,Orange,orange,29
tagyfp,TagYFP,524,508,0.62,31.0,40,35,Green,green,16
td-rfp611,td-RFP611,609,558,0.47,32.9,40,35,Red,red,51
td-rfp639,td-RFP639,631,589,0.16,14.46,40,35,Red,red,42
td5oxstaygold,td5oxStayGold,506,496,0.93,145.08,40,35,Green,green,10
td5staygold,td5StayGold,504,496,0.91,141.05,40,35,Green,green,8
td8oxstaygold,td8oxStayGold,506,496,0.93,146.01,40,35,Green,green,10
tdkatushka2,tdKatushka2,633,588,0.37,49.02,40,35,Red,red,45
tdlanyfp,tdLanYFP,519,512,0.92,122.36,40,35,Green,green,7
tdsmurfp,TDsmURFP,670,642,0.18,30.6,40,35,Far-Red,darkred,28
tdtomato,tdTomato,581,554,0.69,95.22,40,35,Orange,orange,27
topaz,Topaz,527,514,0.6,56.7,40,35,Green,green,13
tripartitegfp,TripartiteGFP,514,480,0.5,1000.0,40,35,Green,green,34
turbofp602,TurboFP602,602,574,0.35,26.04,40,35,Red,red,28
turbogfp-v197l,TurboGFP-V197L,502,482,0.5,1000.0,40,35,Green,green,20
turbogfp,TurboGFP,502,482,0.53,37.1,40,35,Green,green,20
turborfp,TurboRFP,574,553,0.67,61.64,40,35,Orange,orange,21
turboyfp,TurboYFP,538,525,0.53,55.65,40,35,Yellow,gold,13
turquoise-gl,Turquoise-GL,474,434,0.82,24.6,40,35,Cyan,cyan,40
ultramarine,Ultramarine,626,586,0.001,1.0,40,35,Red,red,40
usgfp,usGFP,508,490,0.45,46.35,40,35,Green,green,18
var1,Var1,508,484,0.8,49.79,40,35,Green,green,24
venus,Venus,528,515,0.57,52.55,40,35,Green,green,13
vsfgfp-0,vsfGFP-0,510,485,0.76,159.54,40,35,Green,green,25
vsfgfp-9,vsfGFP-9,510,485,0.7,73.47,40,35,Green,green,25
w1c,W1C,495,435,0.39,8.27,40,35,Green,green,60
w2,W2,480,432,0.71,7.1,40,35,Cyan,cyan,48
w7,W7,475,433,0.67,12.06,40,35,Cyan,cyan,42
wascfp,WasCFP,505,494,0.85,43.35,40,35,Green,green,11
wi-phy,Wi-Phy,719,701,0.047,4.37,40,35,Far-Red,darkred,18
wiphy2,WiPhy2,719,696,0.087,1000.0,40,35,Far-Red,darkred,23
yfp3,YFP3,527,514,0.76,75.24,40,35,Green,green,13
ygfpdp,YGFPdp,513,502,0.7,12.11,40,35,Green,green,11
ygfpuv,YGFPuv,512,398,0.81,7.13,40,35,Green,green,114
ypet,YPet,530,517,0.77,80.08,40,35,Yellow,gold,13
yuzufp,YuzuFP,511,492,0.92,56.49,40,35,Green,green,19
zsgreen1,ZsGreen1,505,493,0.5,1000.0,40,35,Green,green,12
zsyellow1,ZsYellow1,539,529,0.65,13.0,40,35,Yellow,gold,10
