id,name,category,em_peak_nm,quantum_yield,brightness,coupling_score,effective_wavelength_nm,total_emission_au,coupled_emission_au,peak_transmission,composite_score,rank_coupling,rank_composite,cat_order
10b,10B,Green,525,0.5,1000.0,0.9875873556247432,525.032137945908,42.57868077724506,42.05016675478954,0.9877731903169085,0.4938651260506944,235,61,3
11,11,Green,512,0.5,1000.0,0.9860882847795353,512.0347235718066,42.578680776326955,41.98633829490362,0.9861701651364913,0.4931154821759414,326,72,3
5b,5B,Green,524,0.5,1000.0,0.9874768225851249,524.0324508686991,42.57868077724286,42.045460403778115,0.9876785708679144,0.4938098515342347,240,62,3
a44-kr,A44-KR,Green,520,0.5,1000.0,0.9870249776536308,520.0335307690697,42.578680777214394,42.02622144265112,0.987192798326778,0.4935838963792028,247,64,3
aausfp1,AausFP1,Green,510,0.97,164.9,0.9858506978058817,510.03478811178377,42.578680775224676,41.97622215390913,0.9858543089091881,0.7075946651411539,349,3,3
aausfp4,AausFP4,Green,513,0.5,1000.0,0.9862068482445752,513.0346538364346,42.57868077662989,41.99138657113204,0.9862747615046417,0.4931747724860831,316,70,3
aausgfp,AausGFP,Green,503,0.73,21.17,0.9850237983195504,503.03415650933266,42.57868074872406,41.9410138385437,0.9848991201908175,0.3225654004387454,422,219,3
acegfp-g222e-y220l,aceGFP-G222E-Y220L,Green,508,0.5,1000.0,0.9856130809029338,508.03474819580856,42.5786807728646,41.96610473732559,0.9856424628352332,0.4928778458584239,376,83,3
acegfp-h,aceGFP-h,Green,505,0.5,1000.0,0.9852582103040256,505.03448075081525,42.578680763624774,41.95099480627539,0.9852174337860274,0.49270038488541396,404,90,3
acgfp1,AcGFP1,Green,505,0.55,27.5,0.9852582103040256,505.03448075081525,42.578680763624774,41.95099480627539,0.9852174337860274,0.2627896045576992,404,268,3
achilles,Achilles,Green,525,0.64,70.4,0.9875873556247432,525.032137945908,42.57868077724506,42.05016675478954,0.9877731903169085,0.39054696855346077,235,166,3
adred-c148s,AdRed-C148S,Orange,599,0.5,1000.0,0.9920002294398576,599.0091309856745,42.57868077724905,42.238061100277505,0.9919346573118925,0.49607188221310855,116,48,5
afcfp,afCFP,Green,499,0.79,23.7,0.9845638797145534,499.0331358005688,42.57868065718158,41.921431020961705,0.9844781765301839,0.36108243376623333,440,188,3
amcyan1,amCyan1,Cyan,486,0.5,1000.0,0.9832299829479348,486.0260645480923,42.57867194130086,41.86462688679096,0.9828249805936369,0.4916861244727322,463,100,2
amfp495,amFP495,Green,495,0.08,1000.0,0.984121653725189,495.03158978768806,42.578680298443274,41.90260126874012,0.9839630450258853,0.07874112389926291,450,400,3
amfp506,amFP506,Green,506,0.67,1000.0,0.9853761660105474,506.03459845110604,42.57868076788095,41.95601720884156,0.9853237321269843,0.6602975575049188,393,11,3
amfp515,amFP515,Green,515,0.006,1000.0,0.9864430976843735,515.0344428789865,42.57868077697271,42.00144576095105,0.9864826671687341,0.00591951497157291,294,492,3
amilgfp,amilGFP,Green,512,0.67,50.38,0.9860882847795353,512.0347235718066,42.578680776326955,41.98633829490362,0.9861701651364913,0.3767619977131782,326,182,3
aq143,AQ143,Far-Red,655,0.04,3.6,0.9931910018932061,655.0007348884712,42.57868077724905,42.288762620446974,0.9932788697908489,0.008776601531471886,25,488,7
aq14,AQ14,Far-Red,663,0.5,1000.0,0.993196210424494,662.9997482651228,42.57868077724903,42.28898439283799,0.9932399878017037,0.496669959230162,21,41,7
aquamarine,Aquamarine,Cyan,474,0.89,23.14,0.9823923866391029,474.01459612435,42.5783982750552,41.82869430070174,0.9817594108052047,0.4029892002398099,497,156,2
asred2,AsRed2,Orange,592,0.05,2.81,0.9917811986228755,592.0091032054902,42.578680777249055,42.22873505704086,0.9917522796257319,0.009602507811425508,147,487,5
avgfp454,avGFP454,Blue,454,0.5,1000.0,0.98237641804722,454.02856007356615,42.547155267203316,41.7973219894941,0.9815199895018166,0.491259280270158,504,104,1
avgfp480,avGFP480,Cyan,480,0.5,1000.0,0.9827499064013816,480.0208108519181,42.57862772039324,41.84414240691573,0.9822644681066267,0.4914460514677194,476,101,2
avicfp1,AvicFP1,Green,503,0.63,40.32,0.9850237983195504,503.03415650933266,42.57868074872406,41.9410138385437,0.9848991201908175,0.3343108377114323,422,207,3
avicfp2,AvicFP2,Green,515,0.04,2.36,0.9864430976843735,515.0344428789865,42.57868077697271,42.00144576095105,0.9864826671687341,0.006922716629618567,294,490,3
avicfp3,AvicFP3,Green,520,0.001,1000.0,0.9870249776536308,520.0335307690697,42.578680777214394,42.02622144265112,0.987192798326778,0.0009871677927584057,247,509,3
avicfp4,AvicFP4,Green,512,0.1,12.1,0.9860882847795353,512.0347235718066,42.578680776326955,41.98633829490362,0.9861701651364913,0.03672427118555339,326,444,3
azaleab5,AzaleaB5,Orange,596,0.58,60.32,0.9919062381294197,596.0090982348675,42.57868077724905,42.23405907427454,0.991861941569747,0.34280585255108126,124,203,5
azurite,Azurite,Blue,447,0.55,14.41,0.9828576121493028,447.1226738860802,42.45801519121807,41.730183427439414,0.9819728386109209,0.2140308252858282,469,302,1
bflogfpa1,bfloGFPa1,Green,512,1.0,120.9,0.9860882847795353,512.0347235718066,42.578680776326955,41.98633829490362,0.9861701651364913,0.685661272038995,326,5,3
bflogfpc1,bfloGFPc1,Green,521,0.0015,1.0,0.9871392752687281,521.0332879213636,42.57868077722641,42.0310880843298,0.9872915502572175,0.00014857926587694538,245,514,3
bfp5,BFP5,Blue,450,0.5,1000.0,0.9826206720989313,450.0683294281253,42.50947549653052,41.77068938297387,0.9817704833825536,0.49138142496687753,480,103,1
bfp,BFP,Blue,445,0.38,5.32,0.9830397878377413,445.17574505778316,42.40664908602903,41.68742332043952,0.9822143336756939,0.09970398792201778,465,381,1
blue102,Blue102,Blue,454,0.9,10.26,0.98237641804722,454.02856007356615,42.547155267203316,41.7973219894941,0.9815199895018166,0.3099019552540759,504,226,1
bluebonnet2,Bluebonnet2,Blue,454,0.5,1000.0,0.98237641804722,454.02856007356615,42.547155267203316,41.7973219894941,0.9815199895018166,0.491259280270158,504,104,1
br1,BR1,Green,495,0.45,5.62,0.984121653725189,495.03158978768806,42.578680298443274,41.90260126874012,0.9839630450258853,0.1211736183061397,450,366,3
bruslee,BrUSLEE,Green,509,0.3,25.8,0.9857318481940184,509.03478154928695,42.57868077426477,41.97116169327913,0.9857484825304347,0.14077579499881818,363,356,3
bsdronpa,bsDronpa,Green,504,0.5,22.5,0.9851407206370835,504.034333644735,42.578680757501914,41.94599224522175,0.985111195783641,0.22511579698012063,413,295,3
cagfbfp,CagFbFP,Green,497,0.36,5.51,0.9843401044716051,497.0324304254339,42.57868053585703,41.91190284692861,0.9841671786771475,0.09610084743399909,443,384,3
car-geco1,CAR-GECO1,Red,629,0.17,1.0,0.9928764787130928,629.0065589863067,42.57868077724905,42.27537063836389,0.993026073786792,0.016936850784639374,77,475,6
cegfp,cEGFP,Green,507,0.5,1000.0,0.9854944885581084,507.034687382976,42.57868077082928,41.961055229727364,0.9854300375375659,0.4928185411063002,385,86,3
cerulean,Cerulean,Cyan,475,0.62,26.66,0.982442366563211,475.0156687912693,42.57846520633473,41.83088812194083,0.9818700620188937,0.2927509105188791,489,243,2
cfp,CFP,Cyan,480,0.5,1000.0,0.9827499064013816,480.0208108519181,42.57862772039324,41.84414240691573,0.9822644681066267,0.4914460514677194,476,101,2
cfsgfp2,cfSGFP2,Green,517,0.75,33.75,0.98667764763496,517.0341412187008,42.578680777127374,42.01143258857593,0.9867907153233434,0.38010641649575394,267,178,3
cgfmkate2,cgfmKate2,Red,628,0.47,25.85,0.9928535387408431,628.006773188864,42.578680777249055,42.274393884608436,0.9929814674639554,0.22226807522063688,78,297,6
cgfp,CGFP,Green,506,0.14,3.35,0.9853761660105474,506.03459845110604,42.57868076788095,41.95601720884156,0.9853237321269843,0.029360431149321242,393,450,3
cgftagrfp,cgfTagRFP,Orange,584,0.42,36.12,0.9915268958456213,584.0095076675722,42.57868077724905,42.217907180267375,0.9915590790739273,0.21788319220587604,171,300,5
cgp,CGP,Green,514,0.55,1000.0,0.9863251462699834,514.034560041767,42.578680776834695,41.99642354519441,0.9863789424210435,0.5425573230629258,306,30,3
citrine2,Citrine2,Green,522,0.7,68.6,0.987252723290631,522.033026534484,42.578680777234304,42.035918551447004,0.9873895322797271,0.42446156427873477,243,150,3
citrine,Citrine,Green,529,0.76,58.52,0.9880181044917774,529.0307347007132,42.57868077724839,42.06850747329743,0.9882322183977137,0.4441944378655398,214,134,3
cjfp510,cjFP510,Green,510,0.5,1000.0,0.9858506978058817,510.03478811178377,42.578680775224676,41.97622215390913,0.9858543089091881,0.4929966715005889,349,76,3
clomeleon,Clomeleon,Yellow,535,0.5,1000.0,0.9886248931919488,535.0282488390251,42.578680777249,42.09434373566187,0.9888315846327288,0.49438396989624583,205,59,4
clover,Clover,Green,515,0.76,84.36,0.9864430976843735,515.0344428789865,42.57868077697271,42.00144576095105,0.9864826671687341,0.4826183867007741,294,111,3
cp-mkate,cp-mKate,Red,620,0.33,1000.0,0.9926462544647813,620.0081930077166,42.578680777249055,42.26556799358786,0.9927157551504837,0.32762066136561707,85,213,6
cpcitrine,cpCitrine,Green,524,0.1,2.0,0.9874768225851249,524.0324508686991,42.57868077724286,42.045460403778115,0.9876785708679144,0.015704872686613344,240,479,3
creilov,CreiLOV,Green,495,0.51,6.38,0.984121653725189,495.03158978768806,42.578680298443274,41.90260126874012,0.9839630450258853,0.14522642059507368,450,353,3
crimson,Crimson,Red,617,0.42,32.34,0.9925596980549948,617.0085653245634,42.57868077724905,42.261882535846325,0.9926258071578336,0.21162879802535398,88,305,6
crispred2s,CRISPRed2s,Orange,590,0.382,10.96,0.9917184977373723,590.0091442922759,42.57868077724905,42.22606533605256,0.9916917648165192,0.1360946238479153,157,360,5
cu17s,CU17S,Green,505,0.5,1000.0,0.9852582103040256,505.03448075081525,42.578680763624774,41.95099480627539,0.9852174337860274,0.49270038488541396,404,90,3
cyofp1,CyOFP1,Orange,589,0.76,30.4,0.9916870141454126,589.0091777662265,42.57868077724905,42.224724806240786,0.9916722413087904,0.37606970891447905,159,183,5
cypet,CyPet,Cyan,477,0.51,17.85,0.9825542029373826,477.017784661376,42.5785564997701,41.83573964385592,0.9819915415357979,0.213020630348,483,304,2
cyrfp1,CyRFP1,Orange,588,0.76,36.48,0.991655399935648,588.0092210256344,42.57868077724905,42.22337871489519,0.9916529754175768,0.3953689363772455,161,161,5
d-rfp618,d-RFP618,Red,618,0.35,1000.0,0.9925889703354146,618.0084516874118,42.578680777249055,42.26312891092995,0.99265615800645,0.3474564066778567,86,198,6
d10,D10,Cyan,475,0.46,20.24,0.982442366563211,475.0156687912693,42.57846520633473,41.83088812194083,0.9818700620188937,0.19992409906154018,489,315,2
d1eosfp,d1EosFP,Green,516,0.68,50.86,0.9865606236436311,516.0343030404299,42.57868077706538,42.006449861344706,0.9866885913348752,0.3834715461264034,279,176,3
d2eosfp,d2EosFP,Green,516,0.66,55.44,0.9865606236436311,516.0343030404299,42.57868077706538,42.006449861344706,0.9866885913348752,0.3801702889820185,279,177,3
darkvenus,DarkVenus,Green,525,0.05,3.72,0.9875873556247432,525.032137945908,42.57868077724506,42.05016675478954,0.9877731903169085,0.01109294327125822,235,486,3
dcyofp2s,dCyOFP2s,Orange,592,0.69,24.84,0.9917811986228755,592.0091032054902,42.578680777249055,42.22873505704086,0.9917522796257319,0.3221575862715795,147,220,5
dcyrfp2s,dCyRFP2s,Orange,592,0.58,24.36,0.9917811986228755,592.0091032054902,42.578680777249055,42.22873505704086,0.9917522796257319,0.26923770624914306,147,259,5
degfp1,deGFP1,Green,516,0.16,4.59,0.9865606236436311,516.0343030404299,42.57868077706538,42.006449861344706,0.9866885913348752,0.03932624316304232,279,439,3
degfp2,deGFP2,Green,517,0.34,7.38,0.98667764763496,517.0341412187008,42.578680777127374,42.01143258857593,0.9867907153233434,0.10324034680278577,267,378,3
degfp3,deGFP3,Green,518,0.19,5.07,0.9867940954781613,518.0339581058952,42.57868077716872,42.01639078415958,0.9868922322533733,0.04894691181322782,259,430,3
degfp4,deGFP4,Green,518,0.15,4.04,0.9867940954781613,518.0339581058952,42.57868077716872,42.01639078415958,0.9868922322533733,0.03465771529240009,259,446,3
dendra2-m159a,Dendra2-M159A,Green,504,0.55,28.11,0.9851407206370835,504.034333644735,42.578680757501914,41.94599224522175,0.985111195783641,0.2644193921066674,413,265,3
dendra2-t69a,Dendra2-T69A,Green,518,0.56,23.8,0.9867940954781613,518.0339581058952,42.57868077716872,42.01639078415958,0.9868922322533733,0.2568601812128628,259,270,3
dendra2,Dendra2,Green,507,0.5,22.5,0.9854944885581084,507.034687382976,42.57868077082928,41.961055229727364,0.9854300375375659,0.22519663695132397,385,294,3
dendra,Dendra,Green,505,0.7,14.7,0.9852582103040256,505.03448075081525,42.578680763624774,41.95099480627539,0.9852174337860274,0.2749296552883832,404,254,3
dfgfp,dfGFP,Green,524,0.5,1000.0,0.9874768225851249,524.0324508686991,42.57868077724286,42.045460403778115,0.9876785708679144,0.4938098515342347,240,62,3
dimer1,dimer1,Orange,579,0.5,1000.0,0.9913583875871383,579.0101697029153,42.57868077724905,42.210732320921096,0.9914267489629235,0.4957509148519001,179,54,5
dimer2,dimer2,Orange,579,0.69,47.61,0.9913583875871383,579.0101697029153,42.57868077724905,42.210732320921096,0.9914267489629235,0.3845944061623856,179,175,5
dimvenus,DimVenus,Green,525,0.03,1.66,0.9875873556247432,525.032137945908,42.57868077724506,42.05016675478954,0.9877731903169085,0.004196077319739884,235,496,3
diogenes,Diogenes,Red,603,0.44,39.6,0.9921261229404892,603.0091720987331,42.57868077724905,42.243421479452834,0.9920697662554983,0.23405956894346178,108,288,6
dlanyfp,dLanYFP,Green,524,0.9,112.5,0.9874768225851249,524.0324508686991,42.57868077724286,42.045460403778115,0.9876785708679144,0.6087782351305134,240,15,3
dreiklang,Dreiklang,Green,529,0.41,34.03,0.9880181044917774,529.0307347007132,42.57868077724839,42.06850747329743,0.9882322183977137,0.20854442498639836,214,308,3
dronpa-2,Dronpa-2,Green,515,0.33,20.37,0.9864430976843735,515.0344428789865,42.57868077697271,42.00144576095105,0.9864826671687341,0.1442954141374034,294,354,3
dronpa-3,Dronpa-3,Green,515,0.33,19.14,0.9864430976843735,515.0344428789865,42.57868077697271,42.00144576095105,0.9864826671687341,0.14150185053623512,294,355,3
dronpa,Dronpa,Green,518,0.85,80.75,0.9867940954781613,518.0339581058952,42.57868077716872,42.01639078415958,0.9868922322533733,0.5347156286578122,259,32,3
dsred-express2,DsRed-Express2,Orange,591,0.42,14.95,0.9917498828583892,591.0091197391754,42.57868077724905,42.22740167310149,0.9917115860157779,0.16699728791604343,155,337,5
dsred-express,DsRed-Express,Orange,586,0.42,12.64,0.991591636740058,586.0093401472701,42.57868077724905,42.22066376214483,0.9915963165232,0.15753814144070846,165,343,5
dsred-max,DsRed-Max,Orange,589,0.41,19.68,0.9916870141454126,589.0091777662265,42.57868077724905,42.224724806240786,0.9916722413087904,0.17829729879656228,159,329,5
dsred-nf,DsRed-NF,Red,600,0.001,1.0,0.9920316439766522,600.0091434973776,42.57868077724905,42.23939868981145,0.9919602617969395,9.954376049494124e-05,113,517,6
dsred2,DsRed2,Orange,587,0.55,28.6,0.9916236200640143,587.0092748935833,42.57868077724905,42.22202556988576,0.9916150541170077,0.2674773956599144,163,261,5
dtomato,dTomato,Orange,581,0.69,47.61,0.9914271752875038,581.0098607196575,42.57868077724904,42.21366121045635,0.9914843643437975,0.38462109213700857,175,174,5
dvfp,dVFP,Green,503,1.0,107.0,0.9850237983195504,503.03415650933266,42.57868074872406,41.9410138385437,0.9848991201908175,0.6676569304076533,422,7,3
e2-crimson,E2-Crimson,Red,646,0.23,28.98,0.9931423217385535,646.0025054797736,42.57868077724905,42.28668988368184,0.9932742117813107,0.11244730608074899,52,374,6
e2-orange,E2-Orange,Yellow,561,0.54,19.71,0.9905828169598032,561.0157219381852,42.578680777249055,42.177709546759594,0.9908377810406269,0.2346813701978956,192,286,4
eagfp,EaGFP,Green,514,0.5,1000.0,0.9863251462699834,514.034560041767,42.578680776834695,41.99642354519441,0.9863789424210435,0.4932339300572053,306,68,3
ebfp2,EBFP2,Blue,448,0.56,17.92,0.9827736745374499,448.101581255651,42.478105152467016,41.746363488078195,0.9819010329089721,0.2342525683035629,472,287,1
ebfp,EBFP,Blue,440,0.2,6.3,0.9835714819907866,440.3937889226199,42.18368967339574,41.49067416790129,0.9828132465784956,0.056609316331013425,458,420,1
ecfp,ECFP,Cyan,477,0.4,13.0,0.9825542029373826,477.017784661376,42.5785564997701,41.83573964385592,0.9819915415357979,0.15015105580800256,483,347,2
ecgfp,ECGFP,Green,506,0.14,3.35,0.9853761660105474,506.03459845110604,42.57868076788095,41.95601720884156,0.9853237321269843,0.029360431149321242,393,450,3
ecgp123,eCGP123,Green,505,0.8,47.92,0.9852582103040256,505.03448075081525,42.578680763624774,41.95099480627539,0.9852174337860274,0.4438881051862036,404,135,3
egfp203c,eGFP203C,Green,509,0.5,1000.0,0.9857318481940184,509.03478154928695,42.57868077426477,41.97116169327913,0.9857484825304347,0.49293723809633394,363,79,3
egfp205c,eGFP205C,Green,509,0.5,1000.0,0.9857318481940184,509.03478154928695,42.57868077426477,41.97116169327913,0.9857484825304347,0.49293723809633394,363,79,3
electra1,Electra1,Blue,454,0.74,51.62,0.98237641804722,454.02856007356615,42.547155267203316,41.7973219894941,0.9815199895018166,0.4170684401977687,504,152,1
electra2,Electra2,Blue,454,0.76,61.48,0.98237641804722,454.02856007356615,42.547155267203316,41.7973219894941,0.9815199895018166,0.44690372006156975,504,130,1
emerald,Emerald,Green,509,0.68,39.1,0.9857318481940184,509.03478154928695,42.57868077426477,41.97116169327913,0.9857484825304347,0.35819463881147273,363,189,3
emirfp670,emiRFP670,Far-Red,670,0.14,12.24,0.9931852133508118,669.9994255840944,42.57868077724863,42.28851615194779,0.9931873978526937,0.05199798603257589,31,428,7
emirfp703,emiRFP703,Far-Red,703,0.086,7.82,0.9932917805650877,703.003679234949,42.578680535857025,42.29305340357347,0.9931698543663637,0.026921616999292932,15,455,7
eqfp650,eqFP650,Far-Red,650,0.24,15.6,0.9931707947278765,650.0016469216339,42.578680777249055,42.287902226005,0.9932841389221201,0.09694205755621212,43,383,7
eqfp670,eqFP670,Far-Red,670,0.06,4.2,0.9931852133508118,669.9994255840944,42.57868077724863,42.28851615194779,0.9931873978526937,0.014222478672156452,31,481,7
eyfp-q69k,EYFP-Q69K,Green,526,0.76,54.72,0.9876968025912172,526.0318091964019,42.57868077724648,42.05482686223847,0.9878669033982529,0.436880829065216,231,140,3
eyfp,EYFP,Green,527,0.67,44.89,0.9878051100895143,527.0314652923253,42.578680777247406,42.05943845263516,0.9879596857464191,0.36659130152520025,225,185,3
eygfpuv,eYGFPuv,Green,512,0.76,23.71,0.9860882847795353,512.0347235718066,42.578680776326955,41.98633829490362,0.9861701651364913,0.34795219242885705,326,196,3
eygfp,eYGFP,Green,516,0.58,71.92,0.9865606236436311,516.0343030404299,42.57868077706538,42.006449861344706,0.9866885913348752,0.3553101581075431,279,192,3
eygpdp,eYGPdp,Green,513,0.69,34.36,0.9862068482445752,513.0346538364346,42.57868077662989,41.99138657113204,0.9862747615046417,0.35124528011266326,316,193,3
ffdronpa,ffDronpa,Green,517,0.75,78.75,0.98667764763496,517.0341412187008,42.578680777127374,42.01143258857593,0.9867907153233434,0.4690987913376477,267,117,3
fold6,FOLD6,Green,515,0.73,86.29,0.9864430976843735,515.0344428789865,42.57868077697271,42.00144576095105,0.9864826671687341,0.46589841668106174,294,119,3
fr-1,FR-1,Orange,594,0.34,28.87,0.9918437226838646,594.009090436786,42.57868077724905,42.2313972490746,0.9917946338552445,0.1658296501024977,136,338,5
frfast,frFAST,Far-Red,670,0.21,9.45,0.9931852133508118,669.9994255840944,42.57868077724863,42.28851615194779,0.9931873978526937,0.07085198612498746,31,408,7
frskylan-s,frSkylan-S,Green,513,0.8,76.32,0.9862068482445752,513.0346538364346,42.57868077662989,41.99138657113204,0.9862747615046417,0.49659902649999516,316,43,3
fusionred-mqv,FusionRed-MQV,Orange,585,0.53,76.32,0.9915594095921202,585.0094175140016,42.578680777249055,42.21929157270043,0.9915776721945067,0.3307824600264135,167,208,5
fusionred-m,FusionRed-M,Orange,594,0.34,24.17,0.9918437226838646,594.009090436786,42.57868077724905,42.2313972490746,0.9917946338552445,0.15747181866954751,136,344,5
fusionred,FusionRed,Red,608,0.19,17.95,0.9922837197555356,608.0091361527975,42.57868077724905,42.25013174393221,0.9922497853670327,0.08029088549236202,98,397,6
fwyellow,fwYellow,Yellow,540,0.5,1000.0,0.9890892715092954,540.0259208700177,42.57868077724905,42.1141163517961,0.9893750423530817,0.49461619265094736,199,57,4
g1,G1,Green,503,0.6,15.6,0.9850237983195504,503.03415650933266,42.57868074872406,41.9410138385437,0.9848991201908175,0.2403671006483239,422,283,3
g2,G2,Green,503,0.65,25.35,0.9850237983195504,503.03415650933266,42.57868074872406,41.9410138385437,0.9848991201908175,0.30322558986341536,422,235,3
g3gfp,G3GFP,Far-Red,650,0.5,1000.0,0.9931707947278765,650.0016469216339,42.578680777249055,42.287902226005,0.9932841389221201,0.496657249543123,43,42,7
g3,G3,Green,515,0.7,34.3,0.9864430976843735,515.0344428789865,42.57868077697271,42.00144576095105,0.9864826671687341,0.3562513908100659,294,191,3
gamillus,Gamillus,Green,519,0.9,74.7,0.9869098953245117,519.033754392944,42.578680777196205,42.021321388878505,0.9869931073227757,0.5563494953226414,253,27,3
gcamp2,GCaMP2,Green,508,0.5,1000.0,0.9856130809029338,508.03474819580856,42.5786807728646,41.96610473732559,0.9856424628352332,0.4928778458584239,376,83,3
gdt,GdT,Green,500,0.14,8.26,0.9846774791567912,500.033438941089,42.57868069299768,41.926267970602886,0.9845828634781645,0.04441733658559054,437,433,3
gfp-151pytyrcu,GFP-151pyTyrCu,Green,510,0.5,1000.0,0.9858506978058817,510.03478811178377,42.578680775224676,41.97622215390913,0.9858543089091881,0.4929966715005889,349,76,3
gfp-tyr151pyz,GFP-Tyr151pyz,Green,508,0.5,1000.0,0.9856130809029338,508.03474819580856,42.5786807728646,41.96610473732559,0.9856424628352332,0.4928778458584239,376,83,3
gfpmut2,GFPmut2,Green,508,0.73,39.35,0.9856130809029338,508.03474819580856,42.5786807728646,41.96610473732559,0.9856424628352332,0.38513349684158443,376,173,3
gfpmut3,GFPmut3,Green,513,0.39,22.69,0.9862068482445752,513.0346538364346,42.57868077662989,41.99138657113204,0.9862747615046417,0.17622871191152645,316,331,3
gfpxm16,GFPxm16,Green,504,0.74,1000.0,0.9851407206370835,504.034333644735,42.578680757501914,41.94599224522175,0.985111195783641,0.7291096146969696,413,2,3
gfpxm181uv,GFPxm181uv,Green,514,0.5,1000.0,0.9863251462699834,514.034560041767,42.578680776834695,41.99642354519441,0.9863789424210435,0.4932339300572053,306,68,3
gfpxm18uv,GFPxm18uv,Green,513,0.5,1000.0,0.9862068482445752,513.0346538364346,42.57868077662989,41.99138657113204,0.9862747615046417,0.4931747724860831,316,70,3
gfpxm18,GFPxm18,Green,502,0.96,1000.0,0.9849075467233643,502.0339487368531,42.5786807361835,41.93606398659186,0.9847933954413125,0.9456480532337078,431,1,3
gfpxm19,GFPxm19,Green,502,0.7,1000.0,0.9849075467233643,502.0339487368531,42.5786807361835,41.93606398659186,0.9847933954413125,0.6895350388162452,431,4,3
ggvt,GGvT,Green,500,0.14,12.74,0.9846774791567912,500.033438941089,42.57868069299768,41.926267970602886,0.9845828634781645,0.05229232900696374,437,426,3
grvt,GRvT,Orange,583,0.97,68.87,0.9914940505131143,583.0096112250344,42.57868077724905,42.21650866933954,0.9915218763440841,0.591248400124166,173,20,5
h2-3,h2-3,Green,516,0.89,115.7,0.9865606236436311,516.0343030404299,42.57868077706538,42.006449861344706,0.9866885913348752,0.6049895781471896,279,16,3
h9,H9,Green,511,0.6,12.0,0.985969539366337,511.03476855884986,42.57868077588047,41.98128227142118,0.9859598950417718,0.219662842790833,336,299,3
hcred-tandem,HcRed-Tandem,Red,637,0.04,6.4,0.9930316233442782,637.0046728169987,42.57868077724905,42.281976492089434,0.9931925473284963,0.011508994476090535,58,484,6
hcred1-blue,HcRed1-Blue,Blue,455,0.5,1000.0,0.9823285257379608,455.02264700331506,42.55298964549773,41.8010155842045,0.9814498103689383,0.49123533065069963,508,106,1
hcred7,HcRed7,Red,645,0.08,6.0,0.9931333058873535,645.0027341184403,42.57868077724905,42.286306000631654,0.9932704102051538,0.022381200274087517,54,465,6
hcred,HcRed,Red,645,0.015,1.0,0.9931333058873535,645.0027341184403,42.57868077724905,42.286306000631654,0.9932704102051538,0.0014948145738251266,54,507,6
ilov,iLov,Green,497,0.44,1000.0,0.9843401044716051,497.0324304254339,42.57868053585703,41.91190284692861,0.9841671786771475,0.4331723136819697,443,141,3
iq-memerald,iq-mEmerald,Green,509,0.67,33.77,0.9857318481940184,509.03478154928695,42.57868077426477,41.97116169327913,0.9857484825304347,0.33929124909632474,363,205,3
irfp670,iRFP670,Far-Red,670,0.11,12.54,0.9931852133508118,669.9994255840944,42.57868077724863,42.28851615194779,0.9931873978526937,0.04120992056805605,31,437,7
irfp682,iRFP682,Far-Red,682,0.11,9.9,0.9931694796062253,682.0000494057932,42.578680777168735,42.28784622978026,0.9931053356868044,0.03777914561994459,49,441,7
irfp702,iRFP702,Far-Red,702,0.08,7.44,0.9932794681552557,702.0034731037814,42.578680606716574,42.29252922779194,0.9931594471232081,0.024536451539039175,17,459,7
irfp713,iRFP713,Far-Red,713,0.06,6.3,0.9934534926652504,713.0056701615603,42.57867429966031,42.299932696053666,0.9933419524914462,0.017153422213688405,9,473,7
irfp720,iRFP720,Far-Red,720,0.06,5.76,0.9936055951050458,720.0067975386866,42.57862772039326,42.30636273487754,0.9935190021620534,0.016492793614531112,2,476,7
irisfp-m159a,IrisFP-M159A,Green,513,0.18,11.3,0.9862068482445752,513.0346538364346,42.57868077662989,41.99138657113204,0.9862747615046417,0.06449231309029807,316,414,3
irisfp,IrisFP,Green,516,0.43,22.45,0.9865606236436311,516.0343030404299,42.57868077706538,42.006449861344706,0.9866885913348752,0.19374782070568872,279,324,3
jred,Jred,Red,610,0.2,8.8,0.9923463659448717,610.0090742988943,42.57868077724905,42.25279913602986,0.992343784094205,0.06557597293621624,94,412,6
kaede,Kaede,Green,518,0.88,86.94,0.9867940954781613,518.0339581058952,42.57868077716872,42.01639078415958,0.9868922322533733,0.5627634380143083,259,23,3
katushka-9-5,Katushka-9-5,Red,635,0.5,1000.0,0.9929977681254973,635.0051634405845,42.57868077724904,42.28053498153631,0.9931528914521255,0.49657072372410815,63,44,6
katushka2s,Katushka2S,Red,633,0.44,29.48,0.9929605647197589,633.0056451224535,42.57868077724905,42.27895090959956,0.9931216370407676,0.21612335585616674,67,301,6
katushka,Katushka,Red,635,0.34,22.1,0.9929977681254973,635.0051634405845,42.57868077724904,42.28053498153631,0.9931528914521255,0.1534605472971702,63,346,6
kcy-g4219-38l,KCY-G4219-38L,Cyan,494,0.5,1000.0,0.9840147156851097,494.0311176993893,42.578680106312476,41.89804779906031,0.9837620936340377,0.49207854761378766,453,97,2
kcy-g4219,KCY-G4219,Cyan,486,0.8,16.88,0.9832299829479348,486.0260645480923,42.57867194130086,41.86462688679096,0.9828249805936369,0.32836407730318773,463,211,2
kcy-r1-158a,KCY-R1-158A,Cyan,489,0.5,1000.0,0.9835076799369671,489.02822735103933,42.578677330886656,41.87645615648507,0.9831839487366647,0.49182499305758315,459,98,2
kcy-r1-38h,KCY-R1-38H,Cyan,489,0.5,1000.0,0.9835076799369671,489.02822735103933,42.578677330886656,41.87645615648507,0.9831839487366647,0.49182499305758315,459,98,2
kcy-r1-38l,KCY-R1-38L,Green,496,0.5,1000.0,0.984230155772716,496.0320272330582,42.5786804367049,41.90722127881476,0.9840647480275305,0.4921862832438726,446,96,3
kcy-r1,KCY-R1,Cyan,492,0.75,15.9,0.9838060076145626,492.03006825715613,42.57867947307032,41.88916066190144,0.9835648782551674,0.30200057916724493,454,236,2
kcy,KCY,Cyan,488,0.85,32.9,0.9834126568012592,488.0275421056795,42.57867604446963,41.87240893197201,0.9830919588109968,0.42636502934980713,461,146,2
kfp1,KFP1,Red,600,0.07,4.13,0.9920316439766522,600.0091434973776,42.57868077724905,42.23939868981145,0.9919602617969395,0.016437374266325685,113,477,6
kikgr1,KikGR1,Green,517,0.7,37.59,0.98667764763496,517.0341412187008,42.578680777127374,42.01143258857593,0.9867907153233434,0.36524581392903793,267,186,3
kikg,KikG,Green,517,0.68,55.08,0.98667764763496,517.0341412187008,42.578680777127374,42.01143258857593,0.9867907153233434,0.3911155475261547,267,165,3
killerorange,KillerOrange,Yellow,555,0.42,17.3,0.9902312097742769,555.0184730954596,42.57868077724905,42.162738576648074,0.9904863995215416,0.17501658578104642,196,333,4
kofp-7,KOFP-7,Green,496,0.61,1000.0,0.984230155772716,496.0320272330582,42.5786804367049,41.90722127881476,0.9840647480275305,0.6004672655575245,446,19,3
lagfp,laGFP,Green,511,0.5,1000.0,0.985969539366337,511.03476855884986,42.57868077588047,41.98128227142118,0.9859598950417718,0.4930561008785574,336,74,3
lanfp1,LanFP1,Green,510,0.57,30.21,0.9858506978058817,510.03478811178377,42.578680775224676,41.97622215390913,0.9858543089091881,0.27989860536748284,349,251,3
lanfp2,LanFP2,Green,516,0.0013,1.0,0.9865606236436311,516.0343030404299,42.57868077706538,42.006449861344706,0.9866885913348752,0.00012869321411166862,279,515,3
larfp,laRFP,Orange,592,0.1,7.1,0.9917811986228755,592.0091032054902,42.578680777249055,42.22873505704086,0.9917522796257319,0.030033945365146433,147,449,5
lime,Lime,Green,510,0.77,34.65,0.9858506978058817,510.03478811178377,42.578680775224676,41.97622215390913,0.9858543089091881,0.39272540353595203,349,164,3
lss-mkate1,LSS-mKate1,Red,624,0.08,2.5,0.9927547915732604,624.0075547590571,42.57868077724905,42.27018936048227,0.9928564434934949,0.014403364212550116,82,480,6
lss-mkate2,LSS-mKate2,Red,605,0.17,4.42,0.9921892189991952,605.0091744672915,42.57868077724905,42.24610802639478,0.9921579787246539,0.041268416801867686,106,436,6
lssa12,LSSA12,Green,511,0.38,14.71,0.985969539366337,511.03476855884986,42.57868077588047,41.98128227142118,0.9859598950417718,0.1493898157408803,336,348,3
lssmapple,LSSmApple,Red,600,0.31,13.95,0.9920316439766522,600.0091434973776,42.57868077724905,42.23939868981145,0.9919602617969395,0.12041239412188948,113,367,6
lssmcherry1,LSSmCherry1,Red,610,0.29,10.15,0.9923463659448717,610.0090742988943,42.57868077724905,42.25279913602986,0.992343784094205,0.10046174285009514,94,380,6
lssmgfp,LSSmGFP,Green,510,0.48,17.71,0.9858506978058817,510.03478811178377,42.578680775224676,41.97622215390913,0.9858543089091881,0.20065197297079293,349,314,3
lssmorange,LSSmOrange,Orange,572,0.45,23.4,0.9910964230466912,572.0117483448021,42.57868077724905,42.19957821637844,0.991256546067777,0.20625556413835275,183,312,5
lssmscarlet2,LSSmScarlet2,Red,600,0.29,8.7,0.9920316439766522,600.0091434973776,42.57868077724905,42.23939868981145,0.9919602617969395,0.09462784929147072,113,386,6
lssmscarlet3,LSSmScarlet3,Orange,598,0.36,9.83,0.991968858970975,598.0091186048127,42.57868077724905,42.236725387097124,0.9919097586925572,0.12315830514930237,118,365,5
lssmscarlet,LSSmScarlet,Orange,598,0.42,12.68,0.991968858970975,598.0091186048127,42.57868077724905,42.236725387097124,0.9919097586925572,0.15777468416008475,118,342,5
lucy,LucY,Green,528,0.356,4.15,0.9879122270033407,528.0311069040583,42.578680777247996,42.0639993495154,0.9881423653593864,0.08344676369424699,219,394,3
m355na,M355NA,Orange,595,0.21,46.2,0.991874973068982,595.0090922611337,42.57868077724905,42.23272784924668,0.9918165290207851,0.11622388223699566,131,369,5
mametrine,mAmetrine,Green,526,0.58,26.1,0.9876968025912172,526.0318091964019,42.57868077724648,42.05482686223847,0.9878669033982529,0.2736322427828905,231,255,3
mapple,mApple,Orange,592,0.49,36.75,0.9917811986228755,592.0091032054902,42.578680777249055,42.22873505704086,0.9917522796257319,0.25544624282359846,147,273,5
mars1,mARs1,Orange,598,0.26,7.05,0.991968858970975,598.0091186048127,42.57868077724905,42.236725387097124,0.9919097586925572,0.0778718465121241,118,403,5
mavicfp1,mAvicFP1,Green,503,0.63,40.95,0.9850237983195504,503.03415650933266,42.57868074872406,41.9410138385437,0.9848991201908175,0.33567021683603104,422,206,3
mbanana,mBanana,Yellow,553,0.7,4.2,0.9901010946280545,553.0194465403276,42.57868077724905,42.157198445372785,0.990384415643136,0.16541366200103774,197,340,4
mbaojin-t55s,mBaoJin-T55S,Green,508,0.86,109.22,0.9856130809029338,508.03474819580856,42.5786807728646,41.96610473732559,0.9856424628352332,0.5770251904804039,376,22,3
mbaojin,mBaoJin,Green,508,0.93,119.04,0.9856130809029338,508.03474819580856,42.5786807728646,41.96610473732559,0.9856424628352332,0.6353173765215422,376,13,3
mberfp,mBeRFP,Red,611,0.27,17.55,0.9923775023749006,611.0090306647945,42.57868077724905,42.2541248841446,0.9923753702006934,0.11328083689312472,90,373,6
mblueberry1,mBlueberry1,Blue,452,0.48,5.28,0.9824880860870941,452.0447479370114,42.53166938367631,41.786858450857196,0.9816072406394112,0.12543773490401558,485,363,1
mblueberry2,mBlueberry2,Cyan,467,0.48,24.48,0.9821634681825562,467.0077354242297,42.57697188510431,41.817546371385234,0.9814372696612049,0.22097883246423536,516,298,2
mcardinal,mCardinal,Far-Red,659,0.19,16.53,0.9931970092551996,659.0001628762674,42.578680777249055,42.28901840599562,0.9932631961445553,0.0782369636845704,19,402,7
mcarmine,mCarmine,Far-Red,675,0.07,5.81,0.9931756958817679,674.9995116877964,42.57868077724506,42.28811091066802,0.9931508564190065,0.019307434128403533,40,468,7
mcerulean2,mCerulean2,Cyan,474,0.6,28.2,0.9823923866391029,474.01459612435,42.5783982750552,41.82869430070174,0.9817594108052047,0.28791619135488505,497,247,2
mcerulean3,mCerulean3,Cyan,475,0.87,34.8,0.982442366563211,475.0156687912693,42.57846520633473,41.83088812194083,0.9818700620188937,0.4427141502369398,489,138,2
mcerulean,mCerulean,Cyan,475,0.49,16.17,0.982442366563211,475.0156687912693,42.57846520633473,41.83088812194083,0.9818700620188937,0.1981381396535081,489,320,2
mchartreuse,mChartreuse,Green,510,0.75,53.25,0.9858506978058817,510.03478811178377,42.578680775224676,41.97622215390913,0.9858543089091881,0.42746479910956064,349,145,3
mcherry-xl,mCherry-XL,Orange,589,0.7,50.4,0.9916870141454126,589.0091777662265,42.57868077724905,42.224724806240786,0.9916722413087904,0.39590597825084767,159,159,5
mcherry2,mCherry2,Red,610,0.22,17.47,0.9923463659448717,610.0090742988943,42.57868077724905,42.25279913602986,0.992343784094205,0.09216341356050455,94,389,6
mcitrine,mCitrine,Green,529,0.74,69.56,0.9880181044917774,529.0307347007132,42.57868077724839,42.06850747329743,0.9882322183977137,0.4505143029963643,214,127,3
mclavgr2,mClavGR2,Green,504,0.77,14.63,0.9851407206370835,504.034333644735,42.578680757501914,41.94599224522175,0.985111195783641,0.30189585272434727,413,238,3
mclover3,mClover3,Green,518,0.78,85.02,0.9867940954781613,518.0339581058952,42.57868077716872,42.01639078415958,0.9868922322533733,0.4963533387147303,259,45,3
mcrispred,mCRISPRed,Orange,592,0.46,13.11,0.9917811986228755,592.0091032054902,42.578680777249055,42.22873505704086,0.9917522796257319,0.17481215619776816,147,334,5
mcyrfp1,mCyRFP1,Orange,594,0.65,17.55,0.9918437226838646,594.009090436786,42.57868077724905,42.2313972490746,0.9917946338552445,0.2725664390056069,136,256,5
mecfp,mECFP,Cyan,475,0.41,13.53,0.982442366563211,475.0156687912693,42.57846520633473,41.83088812194083,0.9818700620188937,0.1560540606937523,489,345,2
megfp,mEGFP,Green,507,0.6,33.6,0.9854944885581084,507.034687382976,42.57868077082928,41.961055229727364,0.9854300375375659,0.3033502025663592,385,234,3
memerald,mEmerald,Green,509,0.68,39.1,0.9857318481940184,509.03478154928695,42.57868077426477,41.97116169327913,0.9857484825304347,0.35819463881147273,363,189,3
meos2-a69t,mEos2-A69T,Green,509,0.63,15.31,0.9857318481940184,509.03478154928695,42.57868077426477,41.97116169327913,0.9857484825304347,0.2509824416119418,363,277,3
meos2,mEos2,Green,519,0.84,47.04,0.9869098953245117,519.033754392944,42.578680777196205,42.021321388878505,0.9869931073227757,0.46468537904736257,253,121,3
meos4a,mEos4a,Green,515,0.86,71.84,0.9864430976843735,515.0344428789865,42.57868077697271,42.00144576095105,0.9864826671687341,0.526641631345461,294,35,3
meos4b-l93m,mEos4b-L93M,Green,515,0.68,52.44,0.9864430976843735,515.0344428789865,42.57868077697271,42.00144576095105,0.9864826671687341,0.38634017143412497,294,171,3
meos4b,mEos4b,Green,516,0.84,65.66,0.9865606236436311,516.0343030404299,42.57868077706538,42.006449861344706,0.9866885913348752,0.5038190351625687,279,40,3
meos4fast1,mEos4Fast1,Green,517,0.78,72.67,0.98667764763496,517.0341412187008,42.578680777127374,42.01143258857593,0.9867907153233434,0.4790276310516128,267,114,3
meos4fast2,mEos4Fast2,Green,513,0.82,63.98,0.9862068482445752,513.0346538364346,42.57868077662989,41.99138657113204,0.9862747615046417,0.4886587081190161,316,108,3
meosem,mEosEM,Green,511,0.79,122.96,0.985969539366337,511.03476855884986,42.57868077588047,41.98128227142118,0.9859598950417718,0.5434967905737578,336,29,3
meosfp-f173s,mEosFP-F173S,Green,514,0.43,22.88,0.9863251462699834,514.034560041767,42.578680776834695,41.99642354519441,0.9863789424210435,0.19481721966833251,306,323,3
meosfp-m159a,mEosFP-M159A,Green,514,0.52,51.27,0.9863251462699834,514.034560041767,42.578680776834695,41.99642354519441,0.9863789424210435,0.2937576457378643,306,242,3
meosfp,mEosFP,Green,516,0.64,43.01,0.9865606236436311,516.0343030404299,42.57868077706538,42.006449861344706,0.9866885913348752,0.34591212014075784,279,202,3
meyfp,mEYFP,Green,528,0.62,48.98,0.9879122270033407,528.0311069040583,42.578680777247996,42.0639993495154,0.9881423653593864,0.3468407282551173,219,201,3
mgarnet2,mGarnet2,Far-Red,671,0.087,9.13,0.9931832268389132,670.9994219359191,42.57868077724839,42.28843156889156,0.9931812143297254,0.02896387858259578,38,453,7
mgarnet,mGarnet,Far-Red,670,0.09,8.55,0.9931852133508118,669.9994255840944,42.57868077724863,42.28851615194779,0.9931873978526937,0.029199745730727537,31,452,7
mgeos-c,mGeos-C,Green,516,0.81,62.34,0.9865606236436311,516.0343030404299,42.57868077706538,42.006449861344706,0.9866885913348752,0.47991544997242436,279,113,3
mgeos-e,mGeos-E,Green,513,0.75,52.22,0.9862068482445752,513.0346538364346,42.57868077662989,41.99138657113204,0.9862747615046417,0.4255667143973161,316,147,3
mgeos-f,mGeos-F,Green,515,0.85,45.16,0.9864430976843735,515.0344428789865,42.57868077697271,42.00144576095105,0.9864826671687341,0.4651493281925532,294,120,3
mgeos-l,mGeos-L,Green,513,0.72,38.48,0.9862068482445752,513.0346538364346,42.57868077662989,41.99138657113204,0.9862747615046417,0.3778459372299716,316,181,3
mgeos-m,mGeos-M,Green,514,0.85,43.86,0.9863251462699834,514.034560041767,42.578680776834695,41.99642354519441,0.9863789424210435,0.461626595017937,306,122,3
mgeos-s,mGeos-S,Green,512,0.76,49.1,0.9860882847795353,512.0347235718066,42.578680776326955,41.98633829490362,0.9861701651364913,0.42463481710100776,326,149,3
mgfpmut3,mGFPmut3,Green,513,0.39,34.87,0.9862068482445752,513.0346538364346,42.57868077662989,41.99138657113204,0.9862747615046417,0.19932727501161207,316,317,3
mginger1,mGinger1,Red,637,0.02,1.16,0.9930316233442782,637.0046728169987,42.57868077724905,42.281976492089434,0.9931925473284963,0.0022141543429266145,58,503,6
mginger2,mGinger2,Red,631,0.04,1.44,0.9929200947670591,631.0061121491929,42.57868077724905,42.27722775240248,0.993067171563152,0.005128628574400611,72,494,6
mgold2s,mGold2s,Green,529,0.69,90.39,0.9880181044917774,529.0307347007132,42.57868077724839,42.06850747329743,0.9882322183977137,0.4456027806827258,214,132,3
mgold2t,mGold2t,Green,527,0.7,88.2,0.9878051100895143,527.0314652923253,42.578680777247406,42.05943845263516,0.9879596857464191,0.4495354195947361,225,128,3
mgold,mGold,Yellow,531,0.64,68.48,0.9882259571987216,531.0299515225128,42.578680777248785,42.07735756735549,0.9884088467552404,0.38830371702204064,207,169,4
mgrape1,mGrape1,Red,625,0.03,1.5,0.9927804726539735,625.0073717245472,42.578680777249055,42.271282827019974,0.9929085907436207,0.003950670698973518,81,497,6
mgrape2,mGrape2,Red,636,0.03,1.0,0.9930151178176381,636.0049188862589,42.57868077724905,42.281273708539565,0.9931670464756783,0.0029892733661091137,61,501,6
mgrape3,mGrape3,Red,646,0.03,1.2,0.9931423217385535,646.0025054797736,42.57868077724905,42.28668988368184,0.9932742117813107,0.0034007445624770556,52,499,6
mgreenlantern,mGreenLantern,Green,514,0.72,73.3,0.9863251462699834,514.034560041767,42.578680776834695,41.99642354519441,0.9863789424210435,0.44289679569645646,306,137,3
mhoneydew,mHoneydew,Yellow,562,0.12,2.04,0.9906360591674505,562.0152960421726,42.57868077724905,42.17997652972287,0.9908752237602264,0.01913407935768961,189,469,4
mifp,mIFP,Far-Red,704,0.08,6.56,0.993304803643665,704.0038854327785,42.5786804367049,42.293607810587524,0.9931809145603444,0.023270397855386826,13,463,7
minigfp1,miniGFP1,Green,499,0.31,5.21,0.9845638797145534,499.0331358005688,42.57868065718158,41.921431020961705,0.9844781765301839,0.08068776542668397,440,396,3
minigfp2,miniGFP2,Green,499,0.32,5.18,0.9845638797145534,499.0331358005688,42.57868065718158,41.921431020961705,0.9844781765301839,0.08306972606324724,440,395,3
minisog2,miniSOG2,Green,507,0.5,1000.0,0.9854944885581084,507.034687382976,42.57868077082928,41.961055229727364,0.9854300375375659,0.4928185411063002,385,86,3
minisog,miniSOG,Green,501,0.43,6.06,0.9847920712274966,501.03370973738697,42.578680718329245,41.93114717473773,0.9846879566960249,0.11981178001169,436,368,3
mirfp2,miRFP2,Far-Red,706,0.043,2.39,0.9933329793300331,706.0042962448052,42.57868010631247,42.29480716594377,0.9932178846859779,0.007548862790601979,12,489,7
mirfp670-2,miRFP670-2,Far-Red,670,0.136,14.01,0.9931852133508118,669.9994255840944,42.57868077724863,42.28851615194779,0.9931873978526937,0.05296583053260251,31,424,7
mirfp670nano3,miRFP670nano3,Far-Red,670,0.185,23.86,0.9931852133508118,669.9994255840944,42.57868077724863,42.28851615194779,0.9931873978526937,0.08546945004894481,31,393,7
mirfp670nano,miRFP670nano,Far-Red,670,0.108,10.26,0.9931852133508118,669.9994255840944,42.57868077724863,42.28851615194779,0.9931873978526937,0.03759740570629925,31,442,7
mirfp670v1,miRFP670v1,Far-Red,670,0.116,8.27,0.9931852133508118,669.9994255840944,42.57868077724863,42.28851615194779,0.9931873978526937,0.03713891929389722,31,443,7
mirfp670,miRFP670,Far-Red,670,0.14,12.24,0.9931852133508118,669.9994255840944,42.57868077724863,42.28851615194779,0.9931873978526937,0.05199798603257589,31,428,7
mirfp680,miRFP680,Far-Red,680,0.145,13.63,0.9931698492685005,679.9998491097759,42.578680777214394,42.28786196955762,0.9931184902748366,0.05593546736737776,47,422,7
mirfp682,miRFP682,Far-Red,682,0.112,10.19,0.9931694796062253,682.0000494057932,42.578680777168735,42.28784622978026,0.9931053356868044,0.03888886516602131,49,440,7
mirfp702,miRFP702,Far-Red,702,0.081,7.13,0.9932794681552557,702.0034731037814,42.578680606716574,42.29252922779194,0.9931594471232081,0.024407304833721666,17,460,7
mirfp703,miRFP703,Far-Red,703,0.086,7.82,0.9932917805650877,703.003679234949,42.578680535857025,42.29305340357347,0.9931698543663637,0.026921616999292932,15,455,7
mirfp709,miRFP709,Far-Red,709,0.054,4.23,0.9933805204152191,709.0049018377522,42.57867896810894,42.2968302719326,0.9932602656346833,0.01284742046891136,11,483,7
mirfp713,miRFP713,Far-Red,713,0.07,6.93,0.9934534926652504,713.0056701615603,42.57867429966031,42.299932696053666,0.9933419524914462,0.020845675405353994,9,467,7
mirfp720,miRFP720,Far-Red,720,0.061,5.98,0.9936055951050458,720.0067975386866,42.57862772039326,42.30636273487754,0.9935190021620534,0.01704867587735482,2,474,7
mirfp,miRFP,Far-Red,703,0.097,8.96,0.9932917805650877,703.003679234949,42.578680535857025,42.29305340357347,0.9931698543663637,0.03206053039522481,15,447,7
mirisfp,mIrisFP,Green,516,0.54,25.38,0.9865606236436311,516.0343030404299,42.57868077706538,42.006449861344706,0.9866885913348752,0.25239127398938116,279,274,3
mjuniper,mJuniper,Cyan,475,0.43,13.76,0.982442366563211,475.0156687912693,42.57846520633473,41.83088812194083,0.9818700620188937,0.16462692871317178,489,341,2
mk-go,mK-GO,Yellow,561,0.5,1000.0,0.9905828169598032,561.0157219381852,42.578680777249055,42.177709546759594,0.9908377810406269,0.4953630734286087,192,55,4
mkalama1,mKalama1,Blue,456,0.45,16.2,0.9822859547295597,456.0179219791801,42.55781207474843,41.80394106504545,0.9814210549244133,0.1820463360099168,509,328,1
mkate2,mKate2,Red,633,0.4,25.0,0.9929605647197589,633.0056451224535,42.57868077724905,42.27895090959956,0.9931216370407676,0.18733503128860152,67,326,6
mkate,mKate,Red,635,0.33,14.85,0.9929977681254973,635.0051634405845,42.57868077724904,42.28053498153631,0.9931528914521255,0.13107890217104887,63,361,6
mkelly1,mKelly1,Far-Red,656,0.16,7.04,0.9931932586342106,656.0005778618696,42.578680777249055,42.28885870950181,0.9932764600986412,0.047951690930922886,24,431,7
mkelly2,mKelly2,Red,649,0.18,7.74,0.993164774710331,649.0018521371453,42.57868077724905,42.28764590159965,0.9932832927674092,0.056104559392772875,51,421,6
mkikgr,mKikGR,Green,515,0.69,33.81,0.9864430976843735,515.0344428789865,42.57868077697271,42.00144576095105,0.9864826671687341,0.34978475726143343,294,195,3
mkillerorange,mKillerOrange,Yellow,560,0.5,17.5,0.9905280972672623,560.0161583702317,42.57868077724904,42.17537965443865,0.9907988924941223,0.2091948668409842,194,307,4
mko2,mKO2,Orange,565,0.62,39.56,0.9907873033794105,565.0140882144794,42.578680777249055,42.18641630874333,0.9910116935642633,0.32927849241398227,187,210,5
mlemon,mLemon,Green,526,0.74,92.5,0.9876968025912172,526.0318091964019,42.57868077724648,42.05482686223847,0.9878669033982529,0.4801525338868799,231,112,3
mlumin,mLumin,Red,621,0.46,32.2,0.9926741946865929,621.0080482062579,42.57868077724905,42.26675765137321,0.9927736105354834,0.23153249341136176,84,292,6
mlychee,mLychee,Orange,596,0.5,40.0,0.9919062381294197,596.0090982348675,42.57868077724905,42.23405907427454,0.991861941569747,0.26662172803912165,124,262,5
mmaple2,mMaple2,Green,506,0.5,1000.0,0.9853761660105474,506.03459845110604,42.57868076788095,41.95601720884156,0.9853237321269843,0.4927593712723275,393,88,3
mmaple3,mMaple3,Green,506,0.37,5.83,0.9853761660105474,506.03459845110604,42.57868076788095,41.95601720884156,0.9853237321269843,0.1014069204394689,393,379,3
mmaple,mMaple,Green,505,0.74,11.1,0.9852582103040256,505.03448075081525,42.578680763624774,41.95099480627539,0.9852174337860274,0.2631497167716706,404,266,3
mmaroon1,mMaroon1,Far-Red,657,0.11,8.8,0.9931949905996396,657.0004300189038,42.57868077724905,42.28893245430492,0.9932705123932214,0.036097628340749255,22,445,7
mmicy,mMiCy,Green,496,0.7,15.5,0.984230155772716,496.0320272330582,42.5786804367049,41.90722127881476,0.9840647480275305,0.2795996961483678,446,252,3
mnectarine,mNectarine,Orange,578,0.45,26.1,0.9913231465537312,578.0103473760508,42.57868077724905,42.209231804209395,0.9914070059501222,0.21308034395167275,181,303,5
mneongreen,mNeonGreen,Green,517,0.8,92.8,0.98667764763496,517.0341412187008,42.578680777127374,42.01143258857593,0.9867907153233434,0.5189142552615591,267,37,3
mneptune2,mNeptune2,Far-Red,651,0.24,21.36,0.993176120444821,651.001448770955,42.57868077724904,42.288128988006676,0.9932844577432929,0.10722105329547488,39,376,7
mneptune681,mNeptune681,Far-Red,681,0.04,1.52,0.9931694920419452,680.9999448240707,42.578680777196205,42.28784675930409,0.9931094379746526,0.005315450282578244,48,493,7
mneptune684,mNeptune684,Far-Red,684,0.03,1.17,0.9931706083995315,684.0002840736133,42.57868077706538,42.28789429220746,0.9930980883936323,0.003341619185682885,46,500,7
mneptune,mNeptune,Far-Red,650,0.2,13.4,0.9931707947278765,650.0016469216339,42.578680777249055,42.287902226005,0.9932841389221201,0.07669678645714685,43,405,7
morange2,mOrange2,Orange,565,0.6,34.8,0.9907873033794105,565.0140882144794,42.578680777249055,42.18641630874333,0.9910116935642633,0.3079135147471042,187,227,5
morange,mOrange,Yellow,562,0.69,48.99,0.9906360591674505,562.0152960421726,42.57868077724905,42.17997652972287,0.9908752237602264,0.3870842259830832,189,170,4
moxbfp,moxBFP,Blue,448,0.56,17.36,0.9827736745374499,448.101581255651,42.478105152467016,41.746363488078195,0.9819010329089721,0.23185881502752617,472,290,1
moxcerulean3,moxCerulean3,Cyan,474,0.87,35.67,0.9823923866391029,474.01459612435,42.5783982750552,41.82869430070174,0.9817594108052047,0.44566246720171715,497,131,2
moxdendra2,moxDendra2,Green,504,0.5,25.15,0.9851407206370835,504.034333644735,42.578680757501914,41.94599224522175,0.985111195783641,0.23273484755415982,413,289,3
moxgfp,moxGFP,Green,510,0.58,50.46,0.9858506978058817,510.03478811178377,42.578680775224676,41.97622215390913,0.9858543089091881,0.3262023778886673,349,214,3
moxmaple3,moxMaple3,Green,506,0.37,5.48,0.9853761660105474,506.03459845110604,42.57868076788095,41.95601720884156,0.9853237321269843,0.09863048901815286,393,382,3
moxneongreen,moxNeonGreen,Green,520,0.74,82.14,0.9870249776536308,520.0335307690697,42.578680777214394,42.02622144265112,0.987192798326778,0.4674087757569004,247,118,3
moxvenus,moxVenus,Green,526,0.49,43.61,0.9876968025912172,526.0318091964019,42.57868077724648,42.05482686223847,0.9878669033982529,0.26609269238782235,231,263,3
mpapaya,mPapaya,Yellow,541,0.83,35.69,0.9891772999253736,541.025435603716,42.57868077724904,42.11786448562361,0.9894478314204744,0.4281735057763037,198,144,4
mplum-e16p,mPlum-E16P,Red,630,0.14,1000.0,0.9928986709997167,630.0063384264265,42.578680777249055,42.276315556651774,0.9930470785381522,0.1390259270377356,75,357,6
mred7q1s1bm,mRed7Q1S1BM,Orange,596,0.5,1000.0,0.9919062381294197,596.0090982348675,42.57868077724905,42.23405907427454,0.991861941569747,0.49602487975797116,124,49,5
mred7q1s1,mRed7Q1S1,Orange,595,0.5,1000.0,0.991874973068982,595.0090922611337,42.57868077724905,42.23272784924668,0.9918165290207851,0.4960092449658425,131,51,5
mred7q1,mRed7Q1,Orange,591,0.5,1000.0,0.9917498828583892,591.0091197391754,42.57868077724905,42.22740167310149,0.9917115860157779,0.4959466908107389,155,52,5
mred7,mRed7,Red,606,0.5,1000.0,0.9922207580411667,606.009168051899,42.57868077724905,42.247450917194904,0.9921882519900319,0.49618216246817975,103,47,6
mrfp1-q66c,mRFP1-Q66C,Orange,580,0.33,10.49,0.9913930462024038,580.0100075839595,42.57868077724905,42.21220803903667,0.9914653832109,0.11563132935097693,177,370,5
mrfp1-q66s,mRFP1-Q66S,Orange,569,0.35,11.52,0.9909707770476709,569.0126626235751,42.57868077724905,42.194228375495214,0.9911567177370733,0.12689761171214892,185,362,5
mrfp1-q66t,mRFP1-Q66T,Orange,570,0.43,16.38,0.9910137129889294,570.0123424998105,42.57868077724905,42.19605653123193,0.9911828669557055,0.17614324048318172,184,332,5
mrfp1,mRFP1,Red,607,0.25,12.5,0.9922522657237163,607.0091555212024,42.57868077724905,42.248792472752214,0.992218871520763,0.0934646869010997,101,388,6
mrhubarb713,mRhubarb713,Far-Red,713,0.0763,8.66,0.9934534926652504,713.0056701615603,42.57867429966031,42.299932696053666,0.9933419524914462,0.024887253379608915,9,458,7
mrhubarb719,mRhubarb719,Far-Red,719,0.068,5.7,0.9935821045899004,719.0066625385602,42.57864109233849,42.305375827103695,0.9934976577642705,0.01860419119636661,6,470,7
mrhubarb720,mRhubarb720,Far-Red,720,0.0646,6.13,0.9936055951050458,720.0067975386866,42.57862772039326,42.30636273487754,0.9935190021620534,0.01825239687903933,2,471,7
mrojoa,mRojoA,Red,633,0.02,1.0,0.9929605647197589,633.0056451224535,42.57868077724905,42.27895090959956,0.9931216370407676,0.001992739429947289,67,505,6
mrojob,mRojoB,Red,631,0.06,3.66,0.9929200947670591,631.0061121491929,42.57868077724905,42.27722775240248,0.993067171563152,0.01327307615481605,72,482,6
mrouge,mRouge,Red,637,0.02,1.0,0.9930316233442782,637.0046728169987,42.57868077724905,42.281976492089434,0.9931925473284963,0.001992882035130162,58,504,6
mrtms5,mRtms5,Red,633,0.005,1.0,0.9929605647197589,633.0056451224535,42.57868077724905,42.27895090959956,0.9931216370407676,0.0004981848574868223,67,510,6
mruby2,mRuby2,Red,600,0.38,42.94,0.9920316439766522,600.0091434973776,42.57868077724905,42.23939868981145,0.9919602617969395,0.20643742677993523,113,311,6
mruby3,mRuby3,Orange,592,0.45,57.6,0.9917811986228755,592.0091032054902,42.578680777249055,42.22873505704086,0.9917522796257319,0.2630051424985419,147,267,5
mrubyft,mRubyFT,Blue,457,0.63,16.38,0.9822487105399696,457.0142136934001,42.56178429190364,41.80625773900269,0.9813964795379554,0.25578783082923656,511,271,1
mruby,mRuby,Red,605,0.35,39.2,0.9921892189991952,605.0091744672915,42.57868077724905,42.24610802639478,0.9921579787246539,0.18569784271593817,106,327,6
msandy2,mSandy2,Red,606,0.35,27.65,0.9922207580411667,606.009168051899,42.57868077724905,42.247450917194904,0.9921882519900319,0.16867541848164233,103,335,6
mscarlet-220a,mScarlet-220A,Orange,594,0.668,63.46,0.9918437226838646,594.009090436786,42.57868077724905,42.2313972490746,0.9917946338552445,0.39958273204222144,136,157,5
mscarlet-2a-84w,mScarlet-2A-84W,Orange,592,0.7,67.9,0.9917811986228755,592.0091032054902,42.578680777249055,42.22873505704086,0.9917522796257319,0.4253926280882028,147,148,5
mscarlet-2a,mScarlet-2A,Orange,592,0.685,66.44,0.9917811986228755,592.0091032054902,42.578680777249055,42.22873505704086,0.9917522796257319,0.4141706484127324,147,153,5
mscarlet-h,mScarlet-H,Orange,592,0.2,14.8,0.9917811986228755,592.0091032054902,42.578680777249055,42.22873505704086,0.9917522796257319,0.07925370416249744,147,398,5
mscarlet-i-220a,mScarlet-I-220A,Orange,594,0.543,54.3,0.9918437226838646,594.009090436786,42.57868077724905,42.2313972490746,0.9917946338552445,0.31286048771448416,136,224,5
mscarlet-i3-ncwt,mScarlet-I3-NCwt,Orange,592,0.653,66.61,0.9917811986228755,592.0091032054902,42.578680777249055,42.22873505704086,0.9917522796257319,0.3950585656722692,147,162,5
mscarlet-i3,mScarlet-I3,Orange,592,0.65,68.25,0.9917811986228755,592.0091032054902,42.578680777249055,42.22873505704086,0.9917522796257319,0.3954803088454266,147,160,5
mscarlet-i,mScarlet-I,Orange,593,0.54,56.16,0.9918124709942174,593.0090937579618,42.57868077724905,42.230066593357364,0.9917732299747307,0.3136870757881573,140,223,5
mscarlet3-h,mScarlet3-H,Orange,592,0.18,18.48,0.9917811986228755,592.0091032054902,42.578680777249055,42.22873505704086,0.9917522796257319,0.0767394046250109,147,404,5
mscarlet3-s2,mScarlet3-S2,Orange,587,0.18,14.94,0.9916236200640143,587.0092748935833,42.57868077724905,42.22202556988576,0.9916150541170077,0.07154494908286885,163,407,5
mscarlet3,mScarlet3,Orange,592,0.75,78.0,0.9917811986228755,592.0091032054902,42.578680777249055,42.22873505704086,0.9917522796257319,0.4705077177848187,147,116,5
mscarlet,mScarlet,Orange,594,0.7,70.0,0.9918437226838646,594.009090436786,42.57868077724905,42.2313972490746,0.9917946338552445,0.4284370935233927,136,143,5
msgfp2,msGFP2,Green,509,0.59,30.8,0.9857318481940184,509.03478154928695,42.57868077426477,41.97116169327913,0.9857484825304347,0.29126141814595063,363,245,3
mstable,mStable,Red,633,0.17,7.65,0.9929605647197589,633.0056451224535,42.57868077724905,42.27895090959956,0.9931216370407676,0.05272380244912043,67,425,6
mstaygold2,mStayGold2,Green,509,0.79,138.25,0.9857318481940184,509.03478154928695,42.57868077426477,41.97116169327913,0.9857484825304347,0.5564778982215747,363,26,3
mstaygold,mStayGold,Green,510,0.83,136.12,0.9858506978058817,510.03478811178377,42.578680775224676,41.97622215390913,0.9858543089091881,0.5828985750549823,349,21,3
mstrawberry,mStrawberry,Orange,596,0.29,26.1,0.9919062381294197,596.0090982348675,42.57868077724905,42.23405907427454,0.991861941569747,0.13739921393773402,124,359,5
mt-sapphire,mT-Sapphire,Green,511,0.6,26.4,0.985969539366337,511.03476855884986,42.57868077588047,41.98128227142118,0.9859598950417718,0.28351565202954193,336,248,3
mtagbfp2,mTagBFP2,Blue,454,0.64,32.38,0.98237641804722,454.02856007356615,42.547155267203316,41.7973219894941,0.9815199895018166,0.3192825698370639,504,221,1
mtangerine,mTangerine,Orange,585,0.3,11.4,0.9915594095921202,585.0094175140016,42.578680777249055,42.21929157270043,0.9915776721945067,0.1084192560574687,167,375,5
mtfp1-y67w,mTFP1-Y67W,Cyan,461,0.02,1.0,0.982152744313889,461.0067971285486,42.571652605302575,41.81186543627545,0.9813349440301853,0.001971049575747848,517,506,2
mtfp1,mTFP1,Cyan,492,0.85,54.4,0.9838060076145626,492.03006825715613,42.57867947307032,41.88916066190144,0.9835648782551674,0.4859946912477698,454,109,2
mturquoise2-1710,mTurquoise2-1710,Green,519,0.51,15.3,0.9869098953245117,519.033754392944,42.578680777196205,42.021321388878505,0.9869931073227757,0.20337439010191674,253,313,3
mturquoise2,mTurquoise2,Cyan,474,0.93,27.9,0.9823923866391029,474.01459612435,42.5783982750552,41.82869430070174,0.9817594108052047,0.4449042246982718,497,133,2
mturquoise,mTurquoise,Cyan,474,0.84,25.2,0.9823923866391029,474.01459612435,42.5783982750552,41.82869430070174,0.9817594108052047,0.3901319493548194,497,167,2
mugfp,muGFP,Green,508,0.45,52.65,0.9856130809029338,508.03474819580856,42.5786807728646,41.96610473732559,0.9856424628352332,0.25570298198653924,376,272,3
mukg,mUkG,Green,499,0.72,43.2,0.9845638797145534,499.0331358005688,42.57868065718158,41.921431020961705,0.9844781765301839,0.388805599986976,440,168,3
mvenus-q69m,mVenus-Q69M,Green,528,0.5,96.97,0.9879122270033407,528.0311069040583,42.578680777247996,42.0639993495154,0.9881423653593864,0.32783753775726326,219,212,3
mvenus,mVenus,Green,527,0.64,66.56,0.9878051100895143,527.0314652923253,42.578680777247406,42.05943845263516,0.9879596857464191,0.3855737124603418,225,172,3
mvfp1,mVFP1,Green,503,0.84,67.54,0.9850237983195504,503.03415650933266,42.57868074872406,41.9410138385437,0.9848991201908175,0.5063656166735071,422,39,3
mvfp,mVFP,Green,503,0.86,73.1,0.9850237983195504,503.03415650933266,42.57868074872406,41.9410138385437,0.9848991201908175,0.5279870909053778,422,34,3
mwasabi,mWasabi,Green,509,0.8,56.0,0.9857318481940184,509.03478154928695,42.57868077426477,41.97116169327913,0.9857484825304347,0.4615524711145201,363,123,3
mwatermelon,mWatermelon,Green,515,0.47,41.36,0.9864430976843735,515.0344428789865,42.57868077697271,42.00144576095105,0.9864826671687341,0.25143425006970155,294,275,3
neptune,Neptune,Far-Red,650,0.18,12.96,0.9931707947278765,650.0016469216339,42.578680777249055,42.287902226005,0.9932841389221201,0.0682240056451559,43,410,7
nijifp,NijiFP,Green,507,0.64,26.3,0.9854944885581084,507.034687382976,42.57868077082928,41.961055229727364,0.9854300375375659,0.3019371463107603,385,237,3
nowgfp,NowGFP,Green,502,0.76,43.09,0.9849075467233643,502.0339487368531,42.5786807361835,41.93606398659186,0.9847933954413125,0.4102791530875183,431,155,3
oxbfp,oxBFP,Blue,448,0.56,17.36,0.9827736745374499,448.101581255651,42.478105152467016,41.746363488078195,0.9819010329089721,0.23185881502752617,472,290,1
oxgfp,oxGFP,Green,510,0.58,50.46,0.9858506978058817,510.03478811178377,42.578680775224676,41.97622215390913,0.9858543089091881,0.3262023778886673,349,214,3
oxstaygold,oxStayGold,Green,506,0.93,157.17,0.9853761660105474,506.03459845110604,42.57868076788095,41.95601720884156,0.9853237321269843,0.6717589914811503,393,6,3
oxvenus,oxVenus,Green,526,0.49,43.61,0.9876968025912172,526.0318091964019,42.57868077724648,42.05482686223847,0.9878669033982529,0.26609269238782235,231,263,3
p11,P11,Green,502,0.5,1000.0,0.9849075467233643,502.0339487368531,42.5786807361835,41.93606398659186,0.9847933954413125,0.49252502772588946,431,94,3
p4-1,P4-1,Green,514,0.54,7.83,0.9863251462699834,514.034560041767,42.578680776834695,41.99642354519441,0.9863789424210435,0.1679444692779243,306,336,3
p4-3e,P4-3E,Blue,448,0.27,5.94,0.9827736745374499,448.101581255651,42.478105152467016,41.746363488078195,0.9819010329089721,0.07441793445472207,472,406,1
p4,P4,Blue,448,0.24,1.0,0.9827736745374499,448.101581255651,42.478105152467016,41.746363488078195,0.9819010329089721,0.023667548398774673,472,461,1
p9,P9,Green,502,0.5,1000.0,0.9849075467233643,502.0339487368531,42.5786807361835,41.93606398659186,0.9847933954413125,0.49252502772588946,431,94,3
pa-gfp,PA-GFP,Green,517,0.79,13.75,0.98667764763496,517.0341412187008,42.578680777127374,42.01143258857593,0.9867907153233434,0.3036815197769021,267,232,3
padron2,Padron2,Green,516,0.49,16.02,0.9865606236436311,516.0343030404299,42.57868077706538,42.006449861344706,0.9866885913348752,0.19835465040990122,279,319,3
padron,Padron,Green,522,0.64,27.52,0.987252723290631,522.033026534484,42.578680777234304,42.035918551447004,0.9873895322797271,0.30647473655036644,243,229,3
pamcherry1,PAmCherry1,Orange,595,0.46,8.28,0.991874973068982,595.0090922611337,42.57868077724905,42.23272784924668,0.9918165290207851,0.14715194883777152,131,351,5
pamcherry2,PAmCherry2,Orange,596,0.53,12.72,0.9919062381294197,596.0090982348675,42.57868077724905,42.23405907427454,0.991861941569747,0.19930625938543653,124,318,5
pamcherry3,PAmCherry3,Orange,596,0.24,5.04,0.9919062381294197,596.0090982348675,42.57868077724905,42.23405907427454,0.991861941569747,0.061977232930224425,124,417,5
pamkate,PAmKate,Red,628,0.18,4.5,0.9928535387408431,628.006773188864,42.578680777249055,42.274393884608436,0.9929814674639554,0.04410430297296289,78,434,6
patagrfp1297,PATagRFP1297,Orange,595,0.42,26.46,0.991874973068982,595.0090922611337,42.57868077724905,42.23272784924668,0.9918165290207851,0.1997815473255347,131,316,5
patagrfp1314,PATagRFP1314,Orange,596,0.46,28.06,0.9919062381294197,596.0090982348675,42.57868077724905,42.23405907427454,0.991861941569747,0.22255598004146804,124,296,5
patagrfp,PATagRFP,Orange,595,0.38,25.08,0.991874973068982,595.0090922611337,42.57868077724905,42.23272784924668,0.9918165290207851,0.17794133963783934,131,330,5
pcdronpa2,pcDronpa2,Green,515,0.83,83.0,0.9864430976843735,515.0344428789865,42.57868077697271,42.00144576095105,0.9864826671687341,0.5251664587982628,294,36,3
pcdronpa,pcDronpa,Green,517,0.85,97.75,0.98667764763496,517.0341412187008,42.578680777127374,42.01143258857593,0.9867907153233434,0.557590133820468,267,25,3
pcstar,pcStar,Green,515,0.89,66.19,0.9864430976843735,515.0344428789865,42.57868077697271,42.00144576095105,0.9864826671687341,0.5347511750023118,294,31,3
ph-tdgfp,pH-tdGFP,Green,515,0.5,1000.0,0.9864430976843735,515.0344428789865,42.57868077697271,42.00144576095105,0.9864826671687341,0.49329291429774247,294,66,3
phanta,Phanta,Green,516,0.003,1.0,0.9865606236436311,516.0343030404299,42.57868077706538,42.006449861344706,0.9866885913348752,0.0002969843402576969,279,513,3
philov3,phiLOV3,Green,502,0.22,3.48,0.9849075467233643,502.0339487368531,42.5786807361835,41.93606398659186,0.9847933954413125,0.047039566273463645,431,432,3
phiyfpv,phiYFPv,Yellow,537,0.59,59.77,0.988815396013037,537.0273401400658,42.57868077724903,42.10245509446819,0.98907163923876,0.3468687444585828,203,200,4
phiyfp,phiYFP,Yellow,537,0.6,69.0,0.988815396013037,537.0273401400658,42.57868077724903,42.10245509446819,0.98907163923876,0.36489226982391515,203,187,4
phluorin2,pHluorin2,Green,509,0.5,1000.0,0.9857318481940184,509.03478154928695,42.57868077426477,41.97116169327913,0.9857484825304347,0.49293723809633394,363,79,3
phluorin4,pHluorin4,Green,520,0.85,13.52,0.9870249776536308,520.0335307690697,42.578680777214394,42.02622144265112,0.987192798326778,0.32495218750612126,247,216,3
phmscarlet,pHmScarlet,Orange,585,0.47,39.95,0.9915594095921202,585.0094175140016,42.578680777249055,42.21929157270043,0.9915776721945067,0.25045446656117976,167,278,5
phuji,pHuji,Orange,598,0.22,6.82,0.991968858970975,598.0091186048127,42.57868077724905,42.236725387097124,0.9919097586925572,0.06497577413491609,118,413,5
plobrfp,plobRFP,Red,614,0.74,62.16,0.9924697937981628,614.008843424833,42.57868077724905,42.25805453119416,0.9925016992242836,0.44076482382400334,89,139,6
pross-egfp,PROSS-eGFP,Green,509,0.57,1000.0,0.9857318481940184,509.03478154928695,42.57868077426477,41.97116169327913,0.9857484825304347,0.5619484514298206,363,24,3
ps-cfp2,PS-CFP2,Cyan,468,0.2,8.6,0.9821825055899271,468.00854028148296,42.57734616501335,41.81872453772249,0.9814662243592325,0.06431797472238071,514,415,2
ps-cfp,PS-CFP,Cyan,468,0.16,5.44,0.9821825055899271,468.00854028148296,42.57734616501335,41.81872453772249,0.9814662243592325,0.042371922556786235,514,435,2
pslssmkate,PSLSSmKate,Red,622,0.21,5.57,0.9927016201752104,622.0078933672854,42.57868077724905,42.26792539249821,0.9928017865679287,0.05681189268727973,83,419,6
psmorange2,PSmOrange2,Yellow,561,0.61,31.11,0.9905828169598032,561.0157219381852,42.578680777249055,42.177709546759594,0.9908377810406269,0.30346523960009314,192,233,4
psmorange,PSmOrange,Orange,565,0.51,57.78,0.9907873033794105,565.0140882144794,42.578680777249055,42.18641630874333,0.9910116935642633,0.2979981350791399,187,240,5
qc2-6,QC2-6,Green,504,0.5,1000.0,0.9851407206370835,504.034333644735,42.578680757501914,41.94599224522175,0.985111195783641,0.4926416315520065,413,92,3
rcamp,RCaMP,Red,602,0.14,1000.0,0.9920945969454933,602.0091650026782,42.57868077724905,42.24207914417572,0.9920414110139507,0.1389133403820572,109,358,6
rdsmcherry1,RDSmCherry1,Red,630,0.09,4.99,0.9928986709997167,630.0063384264265,42.578680777249055,42.276315556651774,0.9930470785381522,0.0231571817624964,75,464,6
reach1,REACh1,Yellow,530,0.5,1000.0,0.9881226959877653,530.0303493507225,42.57868077724862,42.072960841217345,0.9883210521999359,0.4941328349620713,210,60,4
reach2,REACh2,Yellow,538,0.5,1000.0,0.9889082974225307,538.0268738479142,42.57868077724903,42.10641071392678,0.9891493025852365,0.49452569251476913,201,58,4
rfp611,RFP611,Red,611,0.48,57.6,0.9923775023749006,611.0090306647945,42.57868077724905,42.2541248841446,0.9923753702006934,0.2807074913021718,90,250,6
rfp618,RFP618,Red,618,0.35,1000.0,0.9925889703354146,618.0084516874118,42.578680777249055,42.26312891092995,0.99265615800645,0.3474564066778567,86,198,6
rfp630,RFP630,Red,630,0.35,17.5,0.9928986709997167,630.0063384264265,42.578680777249055,42.276315556651774,0.9930470785381522,0.14678686459030607,75,352,6
rfp637,RFP637,Red,637,0.23,16.56,0.9930316233442782,637.0046728169987,42.57868077724905,42.281976492089434,0.9931925473284963,0.09474866836124086,58,385,6
rfp639,RFP639,Red,639,0.18,12.42,0.9930620883047812,639.0041790067236,42.57868077724905,42.28327364991758,0.9932144764323108,0.0671956961078438,56,411,6
rogfp1-r1,roGFP1-R1,Green,508,0.5,1000.0,0.9856130809029338,508.03474819580856,42.5786807728646,41.96610473732559,0.9856424628352332,0.4928778458584239,376,83,3
rogfp1-r8,roGFP1-R8,Green,511,0.5,1000.0,0.985969539366337,511.03476855884986,42.57868077588047,41.98128227142118,0.9859598950417718,0.4930561008785574,336,74,3
rogfp1,roGFP1,Green,508,0.5,1000.0,0.9856130809029338,508.03474819580856,42.5786807728646,41.96610473732559,0.9856424628352332,0.4928778458584239,376,83,3
rogfp2,roGFP2,Green,511,0.5,1000.0,0.985969539366337,511.03476855884986,42.57868077588047,41.98128227142118,0.9859598950417718,0.4930561008785574,336,74,3
rosmarinus,Rosmarinus,Cyan,482,0.85,38.25,0.9828976134195626,482.02269210003305,42.578651193180534,41.85045464040116,0.9824146446975144,0.44386467306423066,468,136,2
rrvt,RRvT,Orange,583,0.88,117.92,0.9914940505131143,583.0096112250344,42.57868077724905,42.21650866933954,0.9915218763440841,0.6035635135717895,173,17,5
rscherryrev,rsCherryRev,Red,608,0.005,1.0,0.9922837197555356,608.0091361527975,42.57868077724905,42.25013174393221,0.9922497853670327,0.0004978452730924134,98,511,6
rscherry,rsCherry,Red,610,0.02,1.6,0.9923463659448717,610.0090742988943,42.57868077724905,42.25279913602986,0.992343784094205,0.0027453152921521197,94,502,6
rsegfp,rsEGFP,Green,510,0.36,16.92,0.9858506978058817,510.03478811178377,42.578680775224676,41.97622215390913,0.9858543089091881,0.1482724976564849,349,350,3
rsfastlime,rsFastLime,Green,518,0.77,30.1,0.9867940954781613,518.0339581058952,42.57868077716872,42.01639078415958,0.9868922322533733,0.37808209871621073,259,180,3
rsfolder2,rsFolder2,Green,503,0.23,10.12,0.9850237983195504,503.03415650933266,42.57868074872406,41.9410138385437,0.9848991201908175,0.07900025517462414,422,399,3
rsfolder,rsFolder,Green,503,0.25,12.9,0.9850237983195504,503.03415650933266,42.57868074872406,41.9410138385437,0.9848991201908175,0.09382473167347927,422,387,3
rsfusionred1,rsFusionRed1,Red,605,0.1,8.24,0.9921892189991952,605.0091744672915,42.57868077724905,42.24610802639478,0.9921579787246539,0.03193764396447637,106,448,6
rsfusionred2,rsFusionRed2,Red,607,0.12,4.26,0.9922522657237163,607.0091555212024,42.57868077724905,42.248792472752214,0.992218871520763,0.028615989527641886,101,454,6
rsfusionred3,rsFusionRed3,Red,607,0.08,3.04,0.9922522657237163,607.0091555212024,42.57868077724905,42.248792472752214,0.992218871520763,0.016044887557963676,101,478,6
rsgreen1,rsGreen1,Green,509,0.42,25.62,0.9857318481940184,509.03478154928695,42.57868077426477,41.97116169327913,0.9857484825304347,0.19668221528338636,363,322,3
rskame,rsKame,Green,517,0.86,61.92,0.98667764763496,517.0341412187008,42.578680777127374,42.01143258857593,0.9867907153233434,0.508783056837137,267,38,3
rstagrfp,rsTagRFP,Orange,585,0.11,4.05,0.9915594095921202,585.0094175140016,42.578680777249055,42.21929157270043,0.9915776721945067,0.025569690067480843,167,457,5
saasoti,SAASoti,Green,519,0.5,1000.0,0.9869098953245117,519.033754392944,42.578680777196205,42.021321388878505,0.9869931073227757,0.4935263468888687,253,65,3
sapphire,Sapphire,Green,511,0.64,18.56,0.985969539366337,511.03476855884986,42.57868077588047,41.98128227142118,0.9859598950417718,0.2716267414681137,336,257,3
sbfp1,SBFP1,Blue,446,0.4,1.0,0.9829463599192891,446.14725444494064,42.434373718433974,41.710713181989426,0.9821294977549169,0.03945284512859063,466,438,1
sbfp2,SBFP2,Blue,446,0.47,15.98,0.9829463599192891,446.14725444494064,42.434373718433974,41.710713181989426,0.9821294977549169,0.18940416750221867,466,325,1
scfp1,SCFP1,Cyan,477,0.24,6.96,0.9825542029373826,477.017784661376,42.5785564997701,41.83573964385592,0.9819915415357979,0.07081567369494861,483,409,2
scfp2,SCFP2,Cyan,474,0.41,11.89,0.9823923866391029,474.01459612435,42.5783982750552,41.82869430070174,0.9817594108052047,0.14906288181108426,497,349,2
scfp3a,SCFP3A,Cyan,474,0.56,16.8,0.9823923866391029,474.01459612435,42.5783982750552,41.82869430070174,0.9817594108052047,0.22930191020230803,497,293,2
scfp3b,SCFP3B,Cyan,474,0.5,15.0,0.9823923866391029,474.01459612435,42.5783982750552,41.82869430070174,0.9817594108052047,0.19715305059353153,497,321,2
secbfp2,secBFP2,Blue,456,0.5,1000.0,0.9822859547295597,456.0179219791801,42.55781207474843,41.80394106504545,0.9814210549244133,0.49121404206664643,509,107,1
seyfp,SEYFP,Green,528,0.56,56.56,0.9879122270033407,528.0311069040583,42.578680777247996,42.0639993495154,0.9881423653593864,0.32458437102290977,219,217,3
sforange,sfOrange,Yellow,560,0.5,1000.0,0.9905280972672623,560.0161583702317,42.57868077724904,42.17537965443865,0.9907988924941223,0.4953357096235738,194,56,4
sg11,sg11,Green,506,0.84,10.67,0.9853761660105474,506.03459845110604,42.57868076788095,41.95601720884156,0.9853237321269843,0.29441053291764224,393,241,3
sg12,sg12,Green,508,0.85,15.55,0.9856130809029338,508.03474819580856,42.5786807728646,41.96610473732559,0.9856424628352332,0.340357920809884,376,204,3
sg25,sg25,Green,506,0.76,19.91,0.9853761660105474,506.03459845110604,42.57868076788095,41.95601720884156,0.9853237321269843,0.32959816664072533,393,209,3
sg42,sg42,Blue,450,0.24,3.74,0.9826206720989313,450.0683294281253,42.50947549653052,41.77068938297387,0.9817704833825536,0.053122701462855255,480,423,1
sg50,sg50,Blue,450,0.25,4.12,0.9826206720989313,450.0683294281253,42.50947549653052,41.77068938297387,0.9817704833825536,0.05807861047947113,480,418,1
sgfp1,SGFP1,Green,512,0.62,26.04,0.9860882847795353,512.0347235718066,42.578680776326955,41.98633829490362,0.9861701651364913,0.29183090372878384,326,244,3
sgfp2,SGFP2,Green,512,0.7,32.2,0.9860882847795353,512.0347235718066,42.578680776326955,41.98633829490362,0.9861701651364913,0.34999450357025985,326,194,3
sh3,SH3,Green,495,0.4,1000.0,0.984121653725189,495.03158978768806,42.578680298443274,41.90260126874012,0.9839630450258853,0.3937056194963145,450,163,3
shadowg,ShadowG,Green,510,0.005,1.0,0.9858506978058817,510.03478811178377,42.578680775224676,41.97622215390913,0.9858543089091881,0.000494617718809729,349,512,3
shadowy,ShadowY,Yellow,531,0.01,1.36,0.9882259571987216,531.0299515225128,42.578680777248785,42.07735756735549,0.9884088467552404,0.0012284044036200872,207,508,4
shardonnay,SHardonnay,Yellow,530,0.75,66.75,0.9881226959877653,530.0303493507225,42.57868077724862,42.072960841217345,0.9883210521999359,0.45229075829422555,210,125,4
shbfp,shBFP,Blue,458,0.79,12.17,0.9822167877868476,458.01137118555033,42.56504487999576,41.80810165403244,0.9813760483022657,0.28958133179750045,513,246,1
shyrfp,ShyRFP,Orange,596,0.5,1000.0,0.9919062381294197,596.0090982348675,42.57868077724905,42.23405907427454,0.991861941569747,0.49602487975797116,124,49,5
siriusgfp,SiriusGFP,Green,516,0.214,12.11,0.9865606236436311,516.0343030404299,42.57868077706538,42.006449861344706,0.9866885913348752,0.07865090700630269,279,401,3
sirius,Sirius,Blue,424,0.24,3.6,0.9857074387299773,426.6713600393118,39.21997683594076,38.65942291400421,0.9858084712489424,0.05226282598120623,370,427,1
skylan-ns,Skylan-NS,Green,511,0.59,78.92,0.985969539366337,511.03476855884986,42.57868077588047,41.98128227142118,0.9859598950417718,0.3689388673531133,336,184,3
skylan-s,Skylan-S,Green,511,0.64,97.54,0.985969539366337,511.03476855884986,42.57868077588047,41.98128227142118,0.9859598950417718,0.41933680115753663,336,151,3
smurfp,smURFP,Far-Red,670,0.18,32.4,0.9931852133508118,669.9994255840944,42.57868077724863,42.28851615194779,0.9931873978526937,0.09080174758396736,31,390,7
snifp,SNIFP,Far-Red,720,0.022,3.28,0.9936055951050458,720.0067975386866,42.57862772039326,42.30636273487754,0.9935190021620534,0.004600977787161843,2,495,7
sopp2,SOPP2,Cyan,491,0.41,6.07,0.9837044785088235,491.0294903639152,42.57867896810893,41.88483718991821,0.9834678489954115,0.11419561646952775,456,372,2
sopp3,SOPP3,Cyan,490,0.41,6.15,0.9836049950100426,490.02887676362775,42.57867827605988,41.88060063325809,0.9832773103394086,0.1148409576309828,457,371,2
sopp,SOPP,Cyan,487,0.39,5.66,0.9833200496578044,487.02682110621043,42.57867429966031,41.868464126705454,0.9830014163806491,0.10526603358955615,462,377,2
spoon,SPOON,Green,527,0.5,27.0,0.9878051100895143,527.0314652923253,42.578680777247406,42.05943845263516,0.9879596857464191,0.23825168307782094,225,284,3
sreach1,sREACh1,Yellow,530,0.03,3.42,0.9881226959877653,530.0303493507225,42.57868077724862,42.072960841217345,0.9883210521999359,0.006377563928397663,210,491,4
sreach2,sREACh2,Yellow,531,0.02,2.6,0.9882259571987216,531.0299515225128,42.578680777248785,42.07735756735549,0.9884088467552404,0.0036650171420853,207,498,4
staygold-e138d,StayGold-E138D,Green,504,0.87,126.15,0.9851407206370835,504.034333644735,42.578680757501914,41.94599224522175,0.985111195783641,0.6011838445372125,413,18,3
staygold,StayGold,Green,505,0.93,147.87,0.9852582103040256,505.03448075081525,42.578680763624774,41.95099480627539,0.9852174337860274,0.6636405977419572,404,8,3
stayrose,StayRose,Orange,588,0.5,1000.0,0.991655399935648,588.0092210256344,42.57868077724905,42.22337871489519,0.9916529754175768,0.49589944251388346,161,53,5
sumire,Sumire,UV,414,0.7,14.0,0.9870241262836322,420.0331110018225,33.85174998145909,33.41249394862162,0.9883379531591934,0.2708604377264918,250,258,0
super-tagrfp,super-TagRFP,Orange,579,0.53,59.89,0.9913583875871383,579.0101697029153,42.57868077724905,42.210732320921096,0.9914267489629235,0.31254534942977324,179,225,5
supernova2,SuperNova2,Red,610,0.5,1000.0,0.9923463659448717,610.0090742988943,42.57868077724905,42.25279913602986,0.992343784094205,0.49624497550729263,94,46,6
syfp2,SYFP2,Green,527,0.68,68.68,0.9878051100895143,527.0314652923253,42.578680777247406,42.05943845263516,0.9879596857464191,0.4126765053193551,225,154,3
t-sapphire,T-Sapphire,Green,511,0.6,26.4,0.985969539366337,511.03476855884986,42.57868077588047,41.98128227142118,0.9859598950417718,0.28351565202954193,336,248,3
tagbfp,TagBFP,Blue,457,0.63,32.76,0.9822487105399696,457.0142136934001,42.56178429190364,41.80625773900269,0.9813964795379554,0.31526697801187814,511,222,1
tagcfp,TagCFP,Cyan,480,0.57,21.09,0.9827499064013816,480.0208108519181,42.57862772039324,41.84414240691573,0.9822644681066267,0.2509915606519802,476,276,2
taggfp2,TagGFP2,Green,506,0.6,33.9,0.9853761660105474,506.03459845110604,42.57868076788095,41.95601720884156,0.9853237321269843,0.3040526808081245,393,231,3
taggfp,TagGFP,Green,505,0.6,33.0,0.9852582103040256,505.03448075081525,42.578680763624774,41.95099480627539,0.9852174337860274,0.3017804353846799,404,239,3
tagrfp-t,TagRFP-T,Orange,584,0.41,33.21,0.9915268958456213,584.0095076675722,42.57868077724905,42.217907180267375,0.9915590790739273,0.20789105150449338,171,310,5
tagrfp657,TagRFP657,Far-Red,657,0.1,3.4,0.9931949905996396,657.0004300189038,42.57868077724905,42.28893245430492,0.9932705123932214,0.02130246583246706,22,466,7
tagrfp658,TagRFP658,Far-Red,658,0.1,4.12,0.9931962298443827,658.000291614307,42.57868077724905,42.28898521971124,0.9932670151530592,0.023481475039435585,20,462,7
tagrfp675,TagRFP675,Far-Red,675,0.08,3.68,0.9931756958817679,674.9995116877964,42.57868077724506,42.28811091066802,0.9931508564190065,0.01775125044103366,40,472,7
tagrfp,TagRFP,Orange,584,0.48,48.0,0.9915268958456213,584.0095076675722,42.57868077724905,42.217907180267375,0.9915590790739273,0.26813997961617747,171,260,5
tagyfp,TagYFP,Green,524,0.62,31.0,0.9874768225851249,524.0324508686991,42.57868077724286,42.045460403778115,0.9876785708679144,0.3071688150751182,240,228,3
td-rfp611,td-RFP611,Red,609,0.47,32.9,0.9923150954539331,609.009109280675,42.57868077724905,42.251467679778436,0.9923122917885738,0.23788897400180212,97,285,6
td-rfp639,td-RFP639,Red,631,0.16,14.46,0.9929200947670591,631.0061121491929,42.57868077724905,42.27722775240248,0.993067171563152,0.06297546661834398,72,416,6
td5oxstaygold,td5oxStayGold,Green,506,0.93,145.08,0.9853761660105474,506.03459845110604,42.57868076788095,41.95601720884156,0.9853237321269843,0.6612102047200107,393,10,3
td5staygold,td5StayGold,Green,504,0.91,141.05,0.9851407206370835,504.034333644735,42.578680757501914,41.94599224522175,0.985111195783641,0.6432054454250803,413,12,3
td8oxstaygold,td8oxStayGold,Green,506,0.93,146.01,0.9853761660105474,506.03459845110604,42.57868076788095,41.95601720884156,0.9853237321269843,0.6620521065615822,393,9,3
tdkatushka2,tdKatushka2,Red,633,0.37,49.02,0.9929605647197589,633.0056451224535,42.57868077724905,42.27895090959956,0.9931216370407676,0.20808586329627962,67,309,6
tdlanyfp,tdLanYFP,Green,519,0.92,122.36,0.9869098953245117,519.033754392944,42.578680777196205,42.021321388878505,0.9869931073227757,0.6328988719586963,253,14,3
tdsmurfp,TDsmURFP,Far-Red,670,0.18,30.6,0.9931852133508118,669.9994255840944,42.57868077724863,42.28851615194779,0.9931873978526937,0.08936802210658895,31,391,7
tdtomato,tdTomato,Orange,581,0.69,95.22,0.9914271752875038,581.0098607196575,42.57868077724904,42.21366121045635,0.9914843643437975,0.4522405282583439,175,126,5
topaz,Topaz,Green,527,0.6,56.7,0.9878051100895143,527.0314652923253,42.578680777247406,42.05943845263516,0.9879596857464191,0.3479396936002574,225,197,3
tripartitegfp,TripartiteGFP,Green,514,0.5,1000.0,0.9863251462699834,514.034560041767,42.578680776834695,41.99642354519441,0.9863789424210435,0.4932339300572053,306,68,3
turbofp602,TurboFP602,Red,602,0.35,26.04,0.9920945969454933,602.0091650026782,42.57868077724905,42.24207914417572,0.9920414110139507,0.16574671134349803,109,339,6
turbogfp-v197l,TurboGFP-V197L,Green,502,0.5,1000.0,0.9849075467233643,502.0339487368531,42.5786807361835,41.93606398659186,0.9847933954413125,0.49252502772588946,431,94,3
turbogfp,TurboGFP,Green,502,0.53,37.1,0.9849075467233643,502.0339487368531,42.5786807361835,41.93606398659186,0.9847933954413125,0.2750814726178585,431,253,3
turborfp,TurboRFP,Orange,574,0.67,61.64,0.9911752736800205,574.0112172424117,42.57868077724905,42.20293557232405,0.9913021948961829,0.3977555553883511,182,158,5
turboyfp,TurboYFP,Yellow,538,0.53,55.65,0.9889082974225307,538.0268738479142,42.57868077724903,42.10641071392678,0.9891493025852365,0.3062965297873013,201,230,4
turquoise-gl,Turquoise-GL,Cyan,474,0.82,24.6,0.9823923866391029,474.01459612435,42.5783982750552,41.82869430070174,0.9817594108052047,0.3781414202654286,497,179,2
ultramarine,Ultramarine,Red,626,0.001,1.0,0.9928055097253048,626.0071801147307,42.57868077724905,42.272348872487775,0.9929336314941193,9.962141276259505e-05,80,516,6
usgfp,usGFP,Green,508,0.45,46.35,0.9856130809029338,508.03474819580856,42.5786807728646,41.96610473732559,0.9856424628352332,0.24768259354159372,376,279,3
var1,Var1,Green,508,0.8,49.79,0.9856130809029338,508.03474819580856,42.5786807728646,41.96610473732559,0.9856424628352332,0.4483299519154919,376,129,3
venus,Venus,Green,528,0.57,52.55,0.9879122270033407,528.0311069040583,42.578680777247996,42.0639993495154,0.9881423653593864,0.32449389838258197,219,218,3
vsfgfp-0,vsfGFP-0,Green,510,0.76,159.54,0.9858506978058817,510.03478811178377,42.578680775224676,41.97622215390913,0.9858543089091881,0.5508418679653226,349,28,3
vsfgfp-9,vsfGFP-9,Green,510,0.7,73.47,0.9858506978058817,510.03478811178377,42.578680775224676,41.97622215390913,0.9858543089091881,0.4306152955920865,349,142,3
w1c,W1C,Green,495,0.39,8.27,0.984121653725189,495.03158978768806,42.578680298443274,41.90260126874012,0.9839630450258853,0.12372413394255183,450,364,3
w2,W2,Cyan,480,0.71,7.1,0.9827499064013816,480.0208108519181,42.57862772039324,41.84414240691573,0.9822644681066267,0.2112992109205786,476,306,2
w7,W7,Cyan,475,0.67,12.06,0.982442366563211,475.0156687912693,42.57846520633473,41.83088812194083,0.9818700620188937,0.2448514677734631,489,281,2
wascfp,WasCFP,Green,505,0.85,43.35,0.9852582103040256,505.03448075081525,42.578680763624774,41.95099480627539,0.9852174337860274,0.45974104833410984,404,124,3
wi-phy,Wi-Phy,Far-Red,719,0.047,4.37,0.9935821045899004,719.0066625385602,42.57864109233849,42.305375827103695,0.9934976577642705,0.011362867064282687,6,485,7
wiphy2,WiPhy2,Far-Red,719,0.087,1000.0,0.9935821045899004,719.0066625385602,42.57864109233849,42.305375827103695,0.9934976577642705,0.08645415055616956,6,392,7
yfp3,YFP3,Green,527,0.76,75.24,0.9878051100895143,527.0314652923253,42.578680777247406,42.05943845263516,0.9879596857464191,0.47100490154613545,225,115,3
ygfpdp,YGFPdp,Green,513,0.7,12.11,0.9862068482445752,513.0346538364346,42.57868077662989,41.99138657113204,0.9862747615046417,0.2571770665709774,316,269,3
ygfpuv,YGFPuv,Green,512,0.81,7.13,0.9860882847795353,512.0347235718066,42.578680776326955,41.98633829490362,0.9861701651364913,0.24230599877671002,326,282,3
ypet,YPet,Yellow,530,0.77,80.08,0.9881226959877653,530.0303493507225,42.57868077724862,42.072960841217345,0.9883210521999359,0.4841351877407199,210,110,4
yuzufp,YuzuFP,Green,511,0.92,56.49,0.985969539366337,511.03476855884986,42.57868077588047,41.98128227142118,0.9859598950417718,0.5320373548619879,336,33,3
zsgreen1,ZsGreen1,Green,505,0.5,1000.0,0.9852582103040256,505.03448075081525,42.578680763624774,41.95099480627539,0.9852174337860274,0.49270038488541396,404,90,3
zsyellow1,ZsYellow1,Yellow,539,0.65,13.0,0.9889995970369062,539.026400522677,42.57868077724905,42.11029813106237,0.9892257659513278,0.24559603584500359,200,280,4
